symbol,entry_date,exit_date,exit_reason,entry,exit,qty,pnl
HAVELLS.NS,2016-03-21,2016-03-31,target,294.3942,319.2546,4,98.21
POWERGRID.NS,2016-03-31,2016-04-01,stop,79.0259,77.7441,1,-1.36
DABUR.NS,2016-03-31,2016-04-05,stop,249.7996,245.5543,2,-8.99
POWERGRID.NS,2016-04-05,2016-04-20,target,79.0822,83.1147,7,27.66
BHARATFORG.NS,2016-04-20,2016-04-21,stop,420.4201,404.6950,1,-16.14
EICHERMOT.NS,2016-03-21,2016-04-21,target,1857.3282,2065.3097,10,2060.20
BHARATFORG.NS,2016-04-22,2016-04-25,stop,415.1148,402.4972,51,-664.35
NMDC.NS,2016-05-03,2016-05-04,stop,25.3779,24.1880,2,-2.43
CANBK.NS,2016-05-10,2016-05-11,stop,38.0790,36.7480,1,-1.37
MOTHERSON.NS,2016-03-30,2016-05-17,target,30.7767,36.2032,7,37.75
TORNTPHARM.NS,2016-03-31,2016-05-20,stop,686.6862,662.1124,1,-25.25
TATASTEEL.NS,2016-05-12,2016-05-23,stop,31.6625,30.3762,1,-1.32
GLENMARK.NS,2016-04-25,2016-06-06,stop,820.4100,781.9175,25,-982.34
SUZLON.NS,2016-05-10,2016-06-10,target,13.6951,15.8161,2,4.21
MARICO.NS,2016-06-06,2016-06-13,stop,255.5053,249.2006,76,-498.34
CANBK.NS,2016-06-10,2016-06-13,stop,38.8964,37.6132,1,-1.32
TATASTEEL.NS,2016-06-07,2016-06-13,stop,32.4922,31.2627,3,-3.78
DRREDDY.NS,2016-06-13,2016-06-16,stop,619.2287,609.3902,30,-313.59
UPL.NS,2016-06-14,2016-06-16,stop,393.5300,377.3224,1,-16.59
CANBK.NS,2016-06-15,2016-06-21,target,38.7018,41.8632,2,6.24
MOTHERSON.NS,2016-05-26,2016-06-21,target,32.4602,36.8932,1,4.40
TATAPOWER.NS,2016-06-21,2016-06-23,stop,75.3877,72.3776,1,-3.08
ITC.NS,2016-05-20,2016-06-28,target,215.1377,235.8755,3,61.54
JSWSTEEL.NS,2016-05-17,2016-06-29,target,130.1851,143.4469,2,26.25
BAJFINANCE.NS,2016-06-28,2016-07-11,target,77.6883,83.7010,3,17.80
MARICO.NS,2016-06-16,2016-07-13,target,255.6555,275.1745,73,1405.51
M&MFIN.NS,2016-07-19,2016-07-20,stop,202.9477,195.4931,1,-7.65
MOTHERSON.NS,2016-07-13,2016-08-02,target,35.7360,41.9391,555,3421.17
GAIL.NS,2016-06-29,2016-08-03,stop,71.8374,70.0737,4,-7.34
M&MFIN.NS,2016-08-02,2016-08-03,stop,209.8408,199.7808,100,-1026.48
BHARTIARTL.NS,2016-08-04,2016-08-05,stop,331.0923,326.0190,68,-367.32
BEL.NS,2016-08-05,2016-08-08,stop,38.1593,37.3959,581,-465.50
PIDILITIND.NS,2016-08-08,2016-08-10,stop,367.1835,358.1416,59,-554.87
M&MFIN.NS,2016-08-10,2016-08-11,stop,205.5515,200.1854,102,-568.03
SUNPHARMA.NS,2016-08-12,2016-08-16,stop,819.6190,784.4150,24,-864.14
TITAN.NS,2016-08-17,2016-08-18,stop,408.2079,399.2005,46,-432.91
ONGC.NS,2016-07-20,2016-08-19,target,148.4817,161.6727,2,26.07
HDFCBANK.NS,2016-06-28,2016-08-24,target,293.2681,315.7656,2,44.39
TITAN.NS,2016-08-24,2016-08-25,stop,407.9076,401.1985,1,-7.11
NESTLEIND.NS,2016-08-22,2016-08-30,stop,338.3281,334.6651,1,-4.00
KOTAKBANK.NS,2016-07-11,2016-08-31,target,150.4503,159.4621,1,8.86
M&MFIN.NS,2016-08-25,2016-08-31,target,203.4764,216.9882,3,39.90
SHRIRAMFIN.NS,2016-08-30,2016-08-31,stop,246.6214,240.9308,1,-5.93
PNB.NS,2016-08-30,2016-09-06,target,123.9620,131.5757,1,7.49
SAIL.NS,2016-09-06,2016-09-07,target,48.2482,50.8162,1,2.52
PNB.NS,2016-09-06,2016-09-07,target,127.4137,135.9848,2,16.88
UNIONBANK.NS,2016-08-18,2016-09-07,target,133.7837,148.2783,137,1966.44
SAIL.NS,2016-09-07,2016-09-08,target,48.8488,52.4738,1,3.57
CHOLAFIN.NS,2016-09-07,2016-09-12,stop,223.3832,212.4474,92,-1026.14
MARICO.NS,2016-08-31,2016-09-12,stop,288.5383,283.4164,3,-16.22
ITC.NS,2016-08-12,2016-09-27,stop,243.6685,237.1694,3,-20.22
LTF.NS,2016-09-15,2016-09-29,stop,85.0509,81.0249,3,-12.33
NHPC.NS,2016-08-10,2016-09-29,stop,25.7257,24.8751,7,-6.13
NMDC.NS,2016-09-27,2016-09-29,stop,27.3782,26.3381,28,-29.88
HAVELLS.NS,2016-09-29,2016-09-30,stop,425.2249,405.7970,2,-39.69
LTF.NS,2016-09-29,2016-09-30,stop,86.6802,80.7400,2,-12.05
RECLTD.NS,2016-10-03,2016-10-21,target,91.2456,103.9535,12,151.32
HCLTECH.NS,2016-09-12,2016-10-27,stop,395.1448,386.1136,51,-480.52
PIDILITIND.NS,2016-10-28,2016-11-01,stop,359.1088,354.6451,2,-9.64
MOTHERSON.NS,2016-10-28,2016-11-02,stop,40.4705,39.0127,2,-2.99
PIDILITIND.NS,2016-11-01,2016-11-02,stop,362.8814,354.6950,2,-17.09
KOTAKBANK.NS,2016-11-03,2016-11-04,stop,161.3913,159.0209,4,-10.12
ZYDUSLIFE.NS,2016-10-28,2016-11-04,stop,410.2099,388.6111,46,-1011.92
KOTAKBANK.NS,2016-11-04,2016-11-08,stop,162.3522,159.2406,4,-13.09
OIL.NS,2016-11-08,2016-11-09,stop,137.1371,133.2334,135,-545.25
SAIL.NS,2016-10-21,2016-11-09,stop,49.7998,46.0270,25,-95.52
IDFCFIRSTB.NS,2016-11-11,2016-11-15,stop,75.4254,73.3266,1,-2.17
RECLTD.NS,2016-11-09,2016-11-15,stop,96.2086,93.6188,199,-534.26
OIL.NS,2016-11-16,2016-11-17,stop,137.6376,135.4978,135,-307.31
CANBK.NS,2016-11-16,2016-11-21,stop,62.7503,59.9528,1,-2.86
RECLTD.NS,2016-11-18,2016-11-21,stop,99.4744,94.5928,184,-916.06
HINDZINC.NS,2016-11-21,2016-11-24,target,251.6014,277.9285,69,1798.30
BEL.NS,2016-11-23,2016-11-30,target,39.6942,43.3639,2,7.26
ALKEM.NS,2016-11-24,2016-12-01,stop,1721.4201,1668.3304,11,-602.63
CANBK.NS,2016-12-01,2016-12-02,stop,62.4951,60.3415,2,-4.43
GAIL.NS,2016-11-30,2016-12-15,stop,81.0030,78.0813,1,-3.00
RECLTD.NS,2016-11-25,2016-12-15,stop,101.2387,95.8396,2,-11.00
PETRONET.NS,2016-12-01,2016-12-21,stop,196.5982,185.3145,89,-1021.24
NHPC.NS,2016-12-16,2016-12-22,stop,27.1271,26.3736,10,-7.80
TATASTEEL.NS,2016-11-29,2016-12-22,stop,39.5583,37.8334,1,-1.76
GAIL.NS,2016-12-21,2016-12-23,stop,81.1749,79.4206,203,-372.43
NMDC.NS,2016-12-06,2016-12-26,stop,31.7224,30.5486,4,-4.82
OIL.NS,2016-12-01,2017-01-02,target,142.2378,152.7544,5,51.85
NHPC.NS,2017-01-03,2017-01-12,target,27.0135,29.6666,30,78.74
TECHM.NS,2017-01-12,2017-01-20,stop,478.9286,468.5311,1,-10.87
NHPC.NS,2017-01-25,2017-01-27,target,27.9640,29.2958,5,6.52
NTPC.NS,2016-12-26,2017-01-27,target,135.0099,146.8561,122,1428.04
IDEA.NS,2017-01-27,2017-01-30,target,46.4147,53.1716,1,6.71
ONGC.NS,2017-01-20,2017-02-07,stop,201.6515,196.6532,2,-10.39
BHARTIARTL.NS,2017-01-27,2017-02-20,target,295.4570,338.5784,61,2611.07
BPCL.NS,2017-02-20,2017-03-01,stop,228.0445,221.4617,90,-612.68
ASHOKLEY.NS,2017-03-01,2017-03-02,stop,45.7479,44.4305,4,-5.45
M&MFIN.NS,2017-03-06,2017-03-07,stop,177.4496,173.9555,1,-3.67
PFC.NS,2017-02-21,2017-03-09,stop,107.5738,104.8151,1,-2.86
WIPRO.NS,2017-02-13,2017-03-14,target,88.6261,93.9609,1,5.24
BEL.NS,2017-03-07,2017-03-16,target,46.6900,50.2507,4,14.05
ASHOKLEY.NS,2017-03-14,2017-03-20,stop,46.5232,44.9550,2,-3.23
NHPC.NS,2017-03-10,2017-03-27,target,30.0801,31.5537,4,5.77
MOTHERSON.NS,2017-02-02,2017-03-29,target,41.0600,46.4272,1,5.32
TATASTEEL.NS,2017-03-29,2017-03-30,stop,46.0298,45.4001,1,-0.68
BEL.NS,2017-03-27,2017-03-30,stop,47.8357,46.5443,2,-2.68
TATASTEEL.NS,2017-03-30,2017-03-31,stop,46.2444,45.7094,1,-0.58
GAIL.NS,2017-03-23,2017-04-07,target,93.0430,97.1650,1,4.03
TATASTEEL.NS,2017-04-03,2017-04-12,stop,46.3398,45.5952,3,-2.37
PETRONET.NS,2017-03-16,2017-04-18,target,196.3962,221.7114,1,25.11
POWERGRID.NS,2017-01-12,2017-04-19,target,107.7702,118.8564,3,32.92
GAIL.NS,2017-04-17,2017-04-20,target,96.2087,102.8736,1,6.57
TATAPOWER.NS,2017-04-19,2017-04-20,stop,86.3863,84.0159,7,-17.19
NESTLEIND.NS,2017-04-20,2017-04-21,stop,318.8686,315.2970,2,-7.78
MARICO.NS,2017-02-08,2017-04-26,target,272.7863,325.0948,1,52.01
IOC.NS,2017-04-07,2017-04-27,target,130.6305,148.0311,1,17.26
WIPRO.NS,2017-04-26,2017-04-27,stop,94.8010,92.5600,3,-7.00
NHPC.NS,2017-04-21,2017-05-09,stop,31.6316,30.9690,22,-15.27
NESTLEIND.NS,2017-04-27,2017-05-10,target,322.6112,346.7537,1,23.81
NHPC.NS,2017-05-09,2017-05-10,stop,31.6817,31.1344,23,-13.31
ITC.NS,2017-03-01,2017-05-19,target,256.3917,284.4712,77,2141.30
RELIANCE.NS,2017-05-10,2017-05-19,stop,305.2654,301.4852,3,-12.25
SUZLON.NS,2017-05-18,2017-05-22,target,18.3826,20.3742,8,15.78
NESTLEIND.NS,2017-05-19,2017-05-24,stop,329.5293,324.8749,69,-343.73
WIPRO.NS,2017-05-08,2017-05-24,target,94.0878,99.1740,1,4.99
UPL.NS,2017-05-24,2017-06-20,target,529.1955,594.2689,42,2709.49
BHARTIARTL.NS,2017-06-20,2017-06-22,stop,332.6710,327.0544,75,-445.99
BHARTIARTL.NS,2017-06-22,2017-06-23,stop,332.1749,328.1798,73,-315.74
HCLTECH.NS,2017-06-23,2017-06-27,stop,427.9526,421.0786,56,-408.72
HCLTECH.NS,2017-06-27,2017-06-28,stop,429.4291,419.0404,55,-594.71
PETRONET.NS,2017-05-25,2017-07-03,stop,217.4423,211.3635,2,-12.59
NHPC.NS,2017-07-14,2017-07-17,stop,32.1321,31.3686,3,-2.39
BHARTIARTL.NS,2017-06-28,2017-07-18,target,339.1215,374.3162,68,2368.99
BAJFINANCE.NS,2017-06-29,2017-07-20,target,137.9689,160.2446,1,22.13
HCLTECH.NS,2017-07-18,2017-07-28,stop,435.4351,421.5282,1,-14.34
LT.NS,2017-07-18,2017-07-28,stop,1183.6828,1158.8403,21,-546.29
IDFCFIRSTB.NS,2017-07-31,2017-08-01,stop,60.8108,59.0909,1,-1.78
ASIANPAINT.NS,2017-07-28,2017-08-02,stop,1154.1533,1134.9143,21,-428.05
NESTLEIND.NS,2017-07-03,2017-08-04,stop,339.3391,332.2200,1,-7.45
COLPAL.NS,2017-08-03,2017-08-04,stop,1088.0873,1069.4650,21,-413.72
DLF.NS,2017-08-03,2017-08-04,stop,195.6455,188.4058,4,-29.73
TATAPOWER.NS,2017-08-01,2017-08-04,stop,82.9829,81.0189,1,-2.05
UPL.NS,2017-07-31,2017-08-09,stop,584.5508,571.7944,1,-13.33
SAIL.NS,2017-08-07,2017-08-10,stop,62.2122,59.9900,1,-2.28
KOTAKBANK.NS,2017-07-24,2017-08-16,stop,201.0205,193.8860,1,-7.33
INFY.NS,2017-08-10,2017-08-17,target,487.4371,504.9996,1,17.07
ASHOKLEY.NS,2017-08-17,2017-08-21,stop,53.0530,50.9740,10,-21.31
PIDILITIND.NS,2017-08-21,2017-08-22,stop,412.4121,404.5951,1,-8.23
DABUR.NS,2017-08-04,2017-08-23,stop,307.7538,296.9029,77,-858.80
HCLTECH.NS,2017-08-22,2017-08-23,stop,442.7925,431.3433,1,-11.89
ASHOKLEY.NS,2017-08-29,2017-09-11,target,53.1781,58.5556,2,10.64
POWERGRID.NS,2017-08-14,2017-09-11,stop,124.1553,118.6282,1,-5.65
NTPC.NS,2017-09-11,2017-09-15,stop,142.3923,139.7352,1,-2.80
SAIL.NS,2017-09-20,2017-09-21,stop,62.8628,61.1388,2,-3.57
PIDILITIND.NS,2017-08-24,2017-09-25,stop,414.3891,401.5482,56,-741.94
WIPRO.NS,2017-09-22,2017-09-26,stop,109.9474,108.5289,1,-1.53
GAIL.NS,2017-09-11,2017-10-03,target,97.0470,108.2158,1,11.07
NTPC.NS,2017-10-04,2017-10-06,target,140.9325,145.2177,1,4.14
COALINDIA.NS,2017-09-25,2017-10-10,target,256.6565,284.9192,87,2435.30
HDFCBANK.NS,2017-10-10,2017-10-11,stop,451.5637,448.0516,1,-3.96
M&MFIN.NS,2017-10-13,2017-10-16,stop,259.8304,256.1823,1,-3.91
PETRONET.NS,2017-09-26,2017-10-17,target,229.8297,261.6969,1,31.62
AMBUJACEM.NS,2017-10-16,2017-10-19,stop,279.8797,275.3744,1,-4.78
INDUSINDBK.NS,2017-10-10,2017-10-19,stop,1715.3641,1681.0177,14,-504.62
M&MFIN.NS,2017-10-17,2017-10-19,stop,267.7910,255.8473,1,-12.21
HDFCBANK.NS,2017-10-12,2017-10-25,stop,454.1913,447.7145,1,-6.93
NTPC.NS,2017-10-06,2017-10-27,target,143.1430,154.5725,1,11.28
BEL.NS,2017-08-16,2017-10-31,target,53.9782,61.9690,4,31.73
ASIANPAINT.NS,2017-10-24,2017-11-02,stop,1201.2003,1168.8303,20,-671.10
NESTLEIND.NS,2017-10-31,2017-11-03,stop,362.3095,358.6411,1,-4.03
HDFCBANK.NS,2017-11-02,2017-11-13,stop,456.7064,452.5471,9,-41.52
GODREJCP.NS,2017-11-02,2017-11-13,stop,660.6602,626.0402,29,-1022.64
MOTHERSON.NS,2017-11-16,2017-11-22,stop,65.6194,63.5231,3,-6.48
WIPRO.NS,2017-10-25,2017-11-30,stop,112.2747,108.4915,4,-15.57
KOTAKBANK.NS,2017-11-27,2017-11-30,stop,207.5074,203.7181,1,-3.99
WIPRO.NS,2017-11-30,2017-12-01,stop,112.3124,109.4453,4,-11.91
HINDUNILVR.NS,2017-11-13,2017-12-04,stop,1300.5496,1243.0561,17,-999.01
CANBK.NS,2017-12-05,2017-12-13,stop,73.9839,72.0579,1,-2.00
PNB.NS,2017-12-05,2017-12-13,stop,174.5244,169.3305,124,-665.36
IDEA.NS,2017-12-06,2017-12-14,stop,56.7056,55.4177,1,-1.34
NMDC.NS,2017-12-15,2017-12-18,stop,33.2257,32.2507,5,-5.04
ONGC.NS,2017-12-13,2017-12-18,stop,184.3842,180.0198,21,-95.48
BHARATFORG.NS,2017-12-18,2017-12-20,target,701.9014,738.2683,5,178.23
ONGC.NS,2017-12-20,2018-01-02,target,190.7953,197.1401,21,129.17
WIPRO.NS,2017-12-21,2018-01-02,target,112.0495,120.3274,1,8.16
CIPLA.NS,2018-01-02,2018-01-03,stop,618.4680,606.3932,6,-76.12
ULTRACEMCO.NS,2017-12-13,2018-01-15,target,4262.2092,4513.9289,4,989.33
INDIGO.NS,2018-01-03,2018-01-16,stop,1210.7098,1176.8223,3,-105.24
HDFCBANK.NS,2018-01-05,2018-01-18,target,466.8415,480.7595,1,13.44
AMBUJACEM.NS,2018-01-16,2018-01-19,stop,278.4783,269.1307,12,-115.46
GODREJCP.NS,2018-01-15,2018-01-19,target,663.2627,701.6310,27,1017.52
MARICO.NS,2018-01-18,2018-01-19,stop,315.7578,311.1886,2,-9.77
NHPC.NS,2018-01-18,2018-01-19,stop,30.9810,29.5852,1,-1.43
KOTAKBANK.NS,2018-01-15,2018-01-22,target,205.3852,212.7508,1,7.16
RELIANCE.NS,2018-01-22,2018-01-23,target,433.6104,448.3318,1,14.28
NHPC.NS,2018-01-23,2018-01-25,stop,30.3303,29.6204,6,-4.44
BHARATFORG.NS,2018-01-22,2018-01-29,stop,738.1876,714.3851,1,-24.53
HINDALCO.NS,2018-01-23,2018-01-29,stop,265.5153,256.1936,1,-9.58
SHRIRAMFIN.NS,2018-01-29,2018-01-30,stop,287.5974,276.4980,4,-45.53
PIDILITIND.NS,2018-01-31,2018-02-01,stop,449.1488,439.6100,2,-19.97
ASHOKLEY.NS,2018-01-22,2018-02-01,stop,60.8554,59.2907,1,-1.62
INDIGO.NS,2018-01-19,2018-02-02,stop,1210.0092,1177.3218,18,-609.86
NESTLEIND.NS,2017-11-06,2018-02-02,stop,372.1719,357.6421,1,-14.89
PIDILITIND.NS,2018-02-01,2018-02-02,stop,449.6994,440.1845,2,-19.92
TATASTEEL.NS,2018-02-14,2018-02-16,stop,71.9660,69.6703,1,-2.37
COALINDIA.NS,2018-02-07,2018-03-16,stop,292.2921,279.8200,21,-267.92
HCLTECH.NS,2018-03-16,2018-03-19,stop,488.4881,474.0256,12,-179.33
HDFCLIFE.NS,2018-02-07,2018-03-23,stop,443.2215,416.6330,37,-999.68
WIPRO.NS,2018-04-20,2018-04-24,stop,110.6053,108.5102,2,-4.41
NTPC.NS,2018-05-03,2018-05-10,stop,144.4360,141.3585,1,-3.22
BAJFINANCE.NS,2018-05-14,2018-05-17,target,188.2631,207.1420,1,18.68
MOTHERSON.NS,2018-05-14,2018-05-18,stop,62.4925,59.8838,1,-2.67
ASHOKLEY.NS,2018-05-18,2018-05-21,stop,77.5888,73.9380,3,-11.18
LTF.NS,2018-05-29,2018-05-30,stop,162.0948,156.7388,1,-5.52
SAIL.NS,2018-05-30,2018-06-01,stop,77.1771,74.7252,3,-7.58
SAIL.NS,2018-06-07,2018-06-11,target,77.8389,85.8131,3,23.68
HINDALCO.NS,2018-06-14,2018-06-15,stop,247.4473,239.4104,1,-8.28
GODREJCP.NS,2018-03-23,2018-06-26,target,725.6918,788.9244,21,1311.98
GAIL.NS,2018-06-19,2018-06-27,stop,113.1130,110.8890,2,-4.67
ASIANPAINT.NS,2018-06-27,2018-06-28,stop,1281.1301,1251.7473,13,-398.44
SAIL.NS,2018-07-09,2018-07-11,stop,82.0410,77.9220,1,-4.20
ASIANPAINT.NS,2018-07-03,2018-07-23,target,1299.2493,1431.6857,12,1572.85
AUROPHARMA.NS,2018-07-25,2018-07-26,stop,598.2990,587.4121,1,-11.48
M&M.NS,2018-07-24,2018-07-27,stop,914.3069,903.0962,18,-218.15
BAJAJHLDNG.NS,2018-07-27,2018-07-30,stop,2982.9807,2946.0017,5,-199.72
SBIN.NS,2018-07-26,2018-07-30,target,275.2376,298.9793,2,46.91
M&M.NS,2018-07-31,2018-08-02,stop,935.9352,911.1382,16,-411.53
TORNTPHARM.NS,2018-07-03,2018-08-03,target,715.0145,783.1446,1,67.38
AXISBANK.NS,2018-07-27,2018-08-09,target,544.5441,607.4412,2,124.64
INDIANB.NS,2018-08-03,2018-08-10,stop,359.3591,344.6551,2,-30.11
IOC.NS,2018-08-02,2018-08-10,stop,113.3900,109.6236,135,-523.51
SUNPHARMA.NS,2018-08-09,2018-08-10,stop,578.9285,563.7358,2,-31.53
SAIL.NS,2018-08-10,2018-08-13,stop,81.3313,77.6611,9,-33.75
HCLTECH.NS,2018-08-13,2018-08-16,target,484.3840,505.6976,1,20.82
IDFCFIRSTB.NS,2018-08-06,2018-08-17,target,41.6208,46.0903,3,13.28
BRITANNIA.NS,2018-08-10,2018-08-20,target,3183.0907,3332.8328,5,732.42
RBLBANK.NS,2018-08-16,2018-08-21,target,568.8184,599.0839,1,29.68
PETRONET.NS,2018-08-20,2018-08-31,target,224.1239,247.0608,75,1702.59
TECHM.NS,2018-03-21,2018-08-31,target,635.9354,750.1096,9,1021.33
GAIL.NS,2018-08-31,2018-09-04,stop,126.6265,121.3119,190,-1033.33
M&MFIN.NS,2018-09-03,2018-09-04,stop,301.3411,292.7276,4,-35.64
MOTHERSON.NS,2018-08-27,2018-09-04,stop,55.3635,54.2339,6,-7.11
ADANIPORTS.NS,2018-08-24,2018-09-05,stop,385.9857,372.1276,1,-14.24
GAIL.NS,2018-09-11,2018-09-17,stop,127.3803,122.0945,1,-5.41
CANBK.NS,2018-09-17,2018-09-18,stop,54.2943,52.5337,1,-1.81
PNB.NS,2018-09-17,2018-09-18,stop,83.3833,81.9680,1,-1.50
BHARTIARTL.NS,2018-09-07,2018-09-19,stop,338.0389,331.4211,1,-6.95
BAJAJHLDNG.NS,2018-09-05,2018-09-21,stop,3053.0508,2991.1067,8,-519.73
ICICIBANK.NS,2018-09-21,2018-09-24,stop,325.0248,316.6416,1,-8.70
PIDILITIND.NS,2018-09-21,2018-09-24,stop,572.1968,553.5960,41,-785.71
SAIL.NS,2018-09-21,2018-09-24,stop,79.4794,75.9620,2,-7.19
GAIL.NS,2018-09-19,2018-09-25,stop,126.2261,124.0758,3,-6.83
COALINDIA.NS,2018-09-25,2018-09-26,stop,284.2841,275.3744,1,-9.19
TATASTEEL.NS,2018-09-26,2018-10-01,stop,60.9609,57.4425,4,-14.31
RELIANCE.NS,2018-09-25,2018-10-03,stop,567.4076,550.1063,41,-732.26
VEDL.NS,2018-10-03,2018-10-08,stop,234.3342,225.2246,97,-905.92
DRREDDY.NS,2018-10-11,2018-10-12,stop,503.3129,490.7089,43,-563.34
WIPRO.NS,2018-10-15,2018-10-23,stop,120.1013,115.9465,177,-756.29
WIPRO.NS,2018-10-29,2018-11-05,stop,121.0585,118.1034,170,-522.69
WIPRO.NS,2018-11-07,2018-11-09,stop,122.6914,120.2921,19,-47.89
HINDALCO.NS,2018-11-05,2018-11-12,stop,244.9448,231.1187,72,-1012.61
WIPRO.NS,2018-11-15,2018-11-20,stop,123.0104,120.2547,154,-443.12
SBILIFE.NS,2018-12-06,2018-12-07,stop,575.5751,564.4351,32,-374.72
CANBK.NS,2018-12-11,2018-12-18,target,49.2893,54.2025,10,48.61
PETRONET.NS,2018-12-18,2019-01-08,stop,226.0259,216.3918,2,-19.71
AXISBANK.NS,2018-12-11,2019-01-09,target,610.1097,671.5971,29,1764.55
PETRONET.NS,2019-01-09,2019-01-10,stop,221.0605,214.2928,1,-6.99
WIPRO.NS,2019-01-14,2019-01-15,stop,123.8363,119.5652,2,-8.79
BPCL.NS,2019-01-15,2019-01-24,target,170.0199,179.4477,1,9.25
PETRONET.NS,2019-01-30,2019-02-04,stop,226.2261,217.8320,1,-8.62
NESTLEIND.NS,2019-01-09,2019-02-12,stop,562.5621,533.9656,35,-1020.07
HDFCBANK.NS,2019-02-12,2019-02-15,stop,536.7739,526.1359,34,-379.76
RECLTD.NS,2019-02-14,2019-02-15,stop,92.3423,89.3106,4,-12.49
DRREDDY.NS,2019-02-18,2019-02-19,stop,535.5251,516.5316,34,-663.67
KOTAKBANK.NS,2019-02-05,2019-02-22,stop,255.3276,248.7511,1,-6.83
IDFCFIRSTB.NS,2019-02-22,2019-02-26,stop,45.4955,44.7552,6,-4.71
PFC.NS,2019-02-19,2019-03-05,target,84.1241,92.0263,209,1633.16
INDUSTOWER.NS,2019-03-06,2019-03-11,target,297.2971,316.9200,7,135.21
DABUR.NS,2019-03-11,2019-03-12,target,435.9856,453.6819,5,86.26
DABUR.NS,2019-03-12,2019-03-15,stop,448.2240,432.2674,5,-81.98
CIPLA.NS,2019-03-15,2019-03-18,stop,534.6342,529.9696,1,-5.20
BAJFINANCE.NS,2019-02-27,2019-03-19,target,268.0679,296.0094,1,27.66
CIPLA.NS,2019-03-18,2019-03-22,stop,535.9356,528.4212,1,-8.05
CIPLA.NS,2019-03-22,2019-03-25,stop,535.3349,525.3372,1,-10.53
TECHM.NS,2019-03-15,2019-03-26,stop,795.7952,774.2252,2,-44.71
CIPLA.NS,2019-03-27,2019-03-28,stop,533.0326,525.0373,4,-34.10
IDFCFIRSTB.NS,2019-03-05,2019-04-01,target,47.9240,56.7829,357,3143.97
HINDPETRO.NS,2019-04-10,2019-04-23,stop,172.1720,164.5353,2,-15.61
MOTHERSON.NS,2019-04-16,2019-04-23,stop,42.5611,40.8051,2,-3.60
PETRONET.NS,2019-04-24,2019-05-03,stop,237.8377,233.4664,1,-4.61
TATASTEEL.NS,2019-05-07,2019-05-08,stop,54.5222,52.6923,5,-9.42
IOC.NS,2019-04-25,2019-05-09,stop,102.8695,100.1997,1,-2.77
PETRONET.NS,2019-05-08,2019-05-09,stop,239.2391,234.3155,1,-5.16
MARICO.NS,2019-05-10,2019-05-13,stop,357.8076,349.7999,1,-8.36
ITC.NS,2019-05-13,2019-05-14,stop,290.4166,280.0682,1,-10.63
SBIN.NS,2019-05-15,2019-05-23,target,317.0668,358.5922,1,41.19
BHARTIARTL.NS,2019-04-01,2019-05-24,target,301.0803,349.2251,67,3203.92
DIVISLAB.NS,2019-05-24,2019-05-27,stop,1745.7444,1690.3084,1,-57.15
CIPLA.NS,2019-05-24,2019-06-07,stop,569.4846,543.2064,38,-1019.71
PETRONET.NS,2019-05-23,2019-06-07,stop,241.6915,235.3645,1,-6.57
CIPLA.NS,2019-06-11,2019-06-17,stop,563.1627,549.4501,1,-14.27
CHOLAFIN.NS,2019-05-27,2019-06-20,stop,299.1595,276.0138,6,-140.60
INFY.NS,2019-06-10,2019-06-27,stop,751.6511,728.2712,27,-651.24
ULTRACEMCO.NS,2019-06-27,2019-06-28,stop,4651.5480,4551.4451,4,-418.82
BPCL.NS,2019-06-27,2019-07-01,stop,197.4974,189.3105,5,-41.90
GODREJCP.NS,2019-07-01,2019-07-02,stop,674.2237,665.2842,1,-9.61
HCLTECH.NS,2019-03-28,2019-07-05,stop,528.7033,509.4901,4,-78.93
AUBANK.NS,2019-06-21,2019-07-08,stop,348.8486,332.4673,6,-100.33
GODREJCP.NS,2019-07-02,2019-07-08,stop,674.5741,661.3382,1,-13.90
HINDUNILVR.NS,2019-06-28,2019-07-08,stop,1789.3380,1758.4902,10,-326.22
IOC.NS,2019-07-05,2019-07-08,stop,105.0525,100.5497,19,-87.51
KOTAKBANK.NS,2019-07-04,2019-07-09,stop,296.6965,292.1776,1,-4.81
BANKBARODA.NS,2019-07-10,2019-07-15,stop,126.8134,122.6273,177,-763.01
NHPC.NS,2019-07-16,2019-07-17,stop,24.4244,23.9760,5,-2.36
BHARTIARTL.NS,2019-07-02,2019-07-18,stop,344.7287,334.2830,1,-10.79
FEDERALBNK.NS,2019-06-26,2019-07-18,stop,104.6546,100.7492,1,-4.01
KOTAKBANK.NS,2019-07-15,2019-07-22,stop,299.0588,294.1157,16,-83.84
HINDALCO.NS,2019-07-22,2019-07-24,stop,204.4042,197.9020,5,-33.52
ASIANPAINT.NS,2019-07-22,2019-07-26,target,1406.2552,1512.3864,3,314.02
GODREJPROP.NS,2019-07-26,2019-08-02,stop,948.8482,925.5370,5,-121.24
ICICIPRULI.NS,2019-07-15,2019-08-14,stop,390.7905,367.7320,43,-1007.82
LUPIN.NS,2019-07-26,2019-08-14,stop,778.4779,735.8136,1,-43.42
TCS.NS,2019-08-05,2019-08-16,stop,2212.2106,2163.3350,2,-102.13
TCS.NS,2019-08-16,2019-08-19,stop,2242.5206,2165.2330,9,-715.42
KOTAKBANK.NS,2019-08-19,2019-08-22,stop,301.6014,295.2046,65,-435.19
BHARTIARTL.NS,2019-08-16,2019-08-26,stop,357.5019,340.5588,2,-34.58
BHARTIARTL.NS,2019-08-26,2019-08-27,stop,352.6873,343.6967,56,-522.97
IDFCFIRSTB.NS,2019-09-26,2019-09-27,stop,43.2432,42.2577,2,-2.06
NHPC.NS,2019-10-16,2019-10-17,stop,23.9239,23.2268,4,-2.88
ADANIPOWER.NS,2019-10-17,2019-10-31,target,12.4825,13.4577,9,8.66
NTPC.NS,2019-11-06,2019-11-07,stop,121.6215,119.4305,1,-2.31
BEL.NS,2019-11-20,2019-11-22,stop,37.4875,36.4968,1,-1.03
CANBK.NS,2019-11-15,2019-11-26,target,40.7204,45.8505,2,10.17
PNB.NS,2019-12-05,2019-12-06,stop,64.0320,61.3886,2,-5.41
PFC.NS,2019-12-11,2020-01-21,stop,90.5305,86.3136,1,-4.31
DABUR.NS,2019-08-27,2020-01-24,target,437.4371,500.5915,44,2758.16
JSWSTEEL.NS,2020-01-24,2020-01-27,stop,269.2190,263.8360,81,-457.62
LTF.NS,2020-01-22,2020-01-30,stop,111.2598,107.8783,1,-3.49
BAJFINANCE.NS,2020-01-27,2020-02-06,target,420.9857,455.1305,51,1719.05
AMBUJACEM.NS,2020-02-07,2020-02-17,stop,210.2101,202.2476,1,-8.17
RECLTD.NS,2020-02-05,2020-02-17,stop,110.6053,103.6213,1,-7.09
WIPRO.NS,2020-02-20,2020-02-24,stop,124.2992,122.1278,2,-4.59
BIOCON.NS,2020-02-06,2020-02-28,stop,298.6484,287.8120,77,-856.99
BIOCON.NS,2020-03-03,2020-03-12,stop,302.3021,292.1576,74,-772.68
DMART.NS,2020-04-09,2020-04-15,stop,2393.8462,2159.9195,5,-1181.02
NESTLEIND.NS,2020-05-18,2020-05-19,stop,828.3277,809.2876,1,-19.86
COLPAL.NS,2020-05-11,2020-05-21,stop,1371.3703,1305.6933,14,-938.22
POWERGRID.NS,2020-06-02,2020-06-05,target,90.6813,97.4963,1,6.72
NESTLEIND.NS,2020-05-26,2020-06-17,stop,830.5775,806.7426,23,-567.03
HINDPETRO.NS,2020-06-05,2020-06-22,target,134.6345,153.0358,1,18.26
HINDZINC.NS,2020-05-29,2020-06-22,target,169.1690,185.3254,2,31.96
NTPC.NS,2020-06-23,2020-07-01,stop,95.9459,93.2567,1,-2.78
HDFCLIFE.NS,2020-06-18,2020-07-03,target,511.2108,564.6675,36,1905.08
ONGC.NS,2020-07-06,2020-07-08,stop,84.2342,81.0189,14,-46.17
BHARTIARTL.NS,2020-07-10,2020-07-15,stop,560.3007,549.4244,2,-22.86
TECHM.NS,2020-06-22,2020-07-15,target,545.5451,604.9482,1,58.83
CIPLA.NS,2020-07-16,2020-07-17,target,644.1437,682.1147,2,74.62
PIIND.NS,2020-07-03,2020-07-23,target,1598.5974,1800.1386,12,2398.10
JUBLFOOD.NS,2020-07-16,2020-07-27,stop,346.7465,332.5172,1,-14.57
MOTHERSON.NS,2020-07-24,2020-07-27,stop,26.5832,25.8751,2,-1.47
ZYDUSLIFE.NS,2020-07-17,2020-07-27,stop,363.0127,351.7480,1,-11.62
GAIL.NS,2020-07-21,2020-07-28,stop,67.9679,64.6020,2,-6.86
AXISBANK.NS,2020-07-29,2020-07-31,stop,440.4401,423.9757,2,-33.79
ITC.NS,2020-07-23,2020-08-03,stop,190.7515,185.1759,113,-651.29
TITAN.NS,2020-07-17,2020-08-03,target,973.9232,1085.2695,1,110.32
BIOCON.NS,2020-08-03,2020-08-07,stop,413.2129,400.3993,2,-26.44
HAVELLS.NS,2020-07-31,2020-08-10,target,582.0816,620.2473,1,37.56
AXISBANK.NS,2020-08-11,2020-08-14,stop,437.4371,426.7230,3,-33.44
ICICIGI.NS,2020-08-03,2020-08-17,stop,1331.3303,1294.7043,16,-607.02
AXISBANK.NS,2020-08-19,2020-08-20,stop,447.6974,434.8648,1,-13.27
IOC.NS,2020-08-20,2020-08-27,stop,59.3927,58.0086,8,-11.54
ICICIPRULI.NS,2020-08-27,2020-08-31,stop,452.7524,441.5581,1,-11.64
BPCL.NS,2020-08-31,2020-09-01,stop,211.2111,203.8730,2,-15.09
GRASIM.NS,2020-08-18,2020-09-03,target,632.1207,714.8438,34,2789.69
AMBUJACEM.NS,2020-09-03,2020-09-04,stop,218.7186,211.0388,2,-15.79
POWERGRID.NS,2020-08-13,2020-09-07,stop,101.2725,97.3276,2,-8.09
SUNPHARMA.NS,2020-09-04,2020-09-07,stop,528.1778,505.6939,1,-23.00
INFY.NS,2020-09-03,2020-09-14,target,927.3267,974.7455,26,1208.16
HINDZINC.NS,2020-09-11,2020-09-17,stop,222.6725,217.7821,1,-5.11
AMBUJACEM.NS,2020-09-17,2020-09-21,stop,221.2211,215.8340,1,-5.61
PFC.NS,2020-09-11,2020-09-21,stop,73.5135,70.9290,1,-2.66
DLF.NS,2020-09-14,2020-09-22,stop,157.0569,149.0009,3,-24.63
BIOCON.NS,2020-09-10,2020-09-24,stop,432.4321,409.2904,1,-23.56
DLF.NS,2020-09-29,2020-09-30,stop,158.5793,152.4974,1,-6.24
INFY.NS,2020-09-14,2020-10-05,target,957.4785,1038.4317,26,2078.84
MOTHERSON.NS,2020-09-30,2020-10-12,stop,32.0370,30.5424,5,-7.63
DLF.NS,2020-10-05,2020-10-14,stop,158.8587,153.3465,2,-11.34
IDFCFIRSTB.NS,2020-10-07,2020-10-15,stop,31.4815,30.3696,1,-1.14
COLPAL.NS,2020-10-05,2020-10-21,stop,1451.4003,1411.0879,1,-41.74
JSWSTEEL.NS,2020-09-28,2020-10-21,target,275.4252,320.5896,1,44.87
KOTAKBANK.NS,2020-10-20,2020-10-27,target,276.2761,309.4829,1,32.91
GODREJPROP.NS,2020-10-21,2020-11-02,target,938.9382,1124.8474,2,369.75
PIIND.NS,2020-10-05,2020-11-04,target,2012.0105,2272.8001,3,775.94
KOTAKBANK.NS,2020-10-27,2020-11-06,target,290.6452,343.8975,1,52.94
DABUR.NS,2020-11-04,2020-11-11,stop,524.2620,509.0406,14,-220.33
NAUKRI.NS,2020-09-25,2020-11-20,target,696.6862,808.1798,1,110.74
TECHM.NS,2020-11-02,2020-11-24,target,821.8107,877.2829,2,109.25
BAJAJ-AUTO.NS,2020-11-11,2020-11-27,target,3025.0228,3179.4240,2,302.60
MARICO.NS,2020-11-27,2020-12-01,stop,376.7265,367.7819,17,-158.39
ZYDUSLIFE.NS,2020-10-05,2020-12-07,target,406.9066,479.6002,47,3395.77
HINDUNILVR.NS,2020-11-24,2020-12-08,target,2149.5478,2269.9460,1,118.19
MUTHOOTFIN.NS,2020-12-15,2020-12-21,stop,1199.6988,1171.8273,20,-581.15
TCS.NS,2020-12-01,2020-12-24,target,2733.6816,2918.6494,2,364.28
INFY.NS,2020-12-02,2021-01-04,target,1141.3905,1268.3655,1,125.77
HINDZINC.NS,2020-11-12,2021-01-05,target,225.7256,257.7573,7,222.53
IDFCFIRSTB.NS,2020-12-24,2021-01-06,target,36.1681,42.1703,3,17.89
BPCL.NS,2021-01-04,2021-01-08,target,192.5462,198.9653,6,37.34
PETRONET.NS,2021-01-05,2021-01-08,target,253.3532,269.1952,7,109.06
BPCL.NS,2021-01-08,2021-01-13,target,197.6975,211.1279,7,92.58
AUBANK.NS,2021-01-12,2021-01-27,stop,452.7024,436.3134,4,-67.33
POWERGRID.NS,2020-12-23,2021-01-29,stop,107.7726,103.9585,224,-878.08
SHRIRAMFIN.NS,2021-01-29,2021-02-02,target,237.9189,271.8640,1,33.69
ITC.NS,2021-01-13,2021-02-04,target,199.8566,217.7682,8,141.62
INDUSTOWER.NS,2021-02-04,2021-02-08,stop,253.2531,239.7301,6,-82.62
MOTHERSON.NS,2021-02-09,2021-02-12,target,45.2353,53.1339,1,7.85
GAIL.NS,2021-02-02,2021-02-18,target,86.5198,96.1762,5,47.83
HDFCAMC.NS,2021-02-08,2021-02-18,stop,1538.5875,1479.2446,1,-60.85
IOC.NS,2021-02-19,2021-02-22,stop,66.6332,63.4698,2,-6.46
GODREJCP.NS,2020-12-24,2021-02-23,stop,720.9204,693.3062,8,-226.57
KOTAKBANK.NS,2021-02-23,2021-02-24,stop,393.1965,377.6311,14,-223.31
BPCL.NS,2021-02-18,2021-02-25,target,207.7788,229.2648,9,191.41
BHARTIARTL.NS,2021-02-25,2021-02-26,stop,569.4976,554.2293,3,-47.49
MARICO.NS,2021-01-29,2021-02-26,stop,418.0177,401.8479,59,-978.21
SUNPHARMA.NS,2021-02-26,2021-03-01,stop,619.5191,599.7000,41,-837.58
BEL.NS,2021-02-24,2021-03-04,target,45.2452,51.5935,120,755.99
WIPRO.NS,2021-03-04,2021-03-05,stop,218.5434,213.9109,29,-140.61
BOSCHLTD.NS,2021-03-01,2021-03-05,stop,15302.2908,14905.0837,1,-412.31
HINDZINC.NS,2021-03-12,2021-03-17,stop,308.1540,294.9548,1,-13.50
LT.NS,2021-03-08,2021-03-17,stop,1478.7390,1437.6612,14,-595.50
BAJAJHLDNG.NS,2021-03-18,2021-03-19,stop,3591.5889,3477.2201,5,-589.52
ITC.NS,2021-03-19,2021-03-25,stop,211.1858,203.8377,94,-710.22
JSWSTEEL.NS,2021-03-02,2021-03-30,target,408.8586,462.6760,23,1227.78
TATASTEEL.NS,2021-02-08,2021-04-01,target,69.4347,83.0078,1,13.50
JUBLFOOD.NS,2021-03-30,2021-04-05,stop,584.0336,571.4281,21,-276.85
ITC.NS,2021-04-01,2021-04-05,stop,211.9473,204.6073,2,-15.10
JINDALSTEL.NS,2021-03-30,2021-04-06,target,329.7648,392.0039,52,3217.67
HINDPETRO.NS,2021-04-05,2021-04-09,stop,159.5131,154.8450,3,-14.48
MOTHERSON.NS,2021-04-07,2021-04-12,stop,58.0893,55.2711,5,-14.37
TECHM.NS,2021-04-06,2021-04-15,stop,1008.2075,977.2221,20,-639.56
GAIL.NS,2021-04-15,2021-04-19,stop,93.7604,89.9550,209,-814.52
APOLLOHOSP.NS,2021-04-05,2021-04-22,target,2973.8715,3316.6062,4,1358.36
INDUSTOWER.NS,2021-04-20,2021-04-22,stop,263.7636,251.7980,2,-24.45
NESTLEIND.NS,2021-04-20,2021-04-22,stop,871.4355,842.2971,21,-629.90
MOTHERSON.NS,2021-04-28,2021-05-03,stop,59.5910,57.8095,4,-7.36
SBILIFE.NS,2021-04-23,2021-05-05,target,921.5709,1013.3810,11,999.27
CHOLAFIN.NS,2021-04-23,2021-05-10,stop,559.7594,532.7169,37,-1020.78
PIDILITIND.NS,2021-05-06,2021-05-14,target,909.3087,950.3889,12,481.80
UPL.NS,2021-05-10,2021-05-14,target,643.6432,737.3819,30,2791.45
AMBUJACEM.NS,2021-04-26,2021-05-19,target,299.0989,322.9220,1,23.51
NESTLEIND.NS,2021-05-14,2021-05-27,target,848.2977,892.1364,39,1675.77
ITC.NS,2021-05-24,2021-06-01,target,202.2699,211.0234,2,17.09
MOTHERSON.NS,2021-05-06,2021-06-02,target,60.6054,70.1186,8,75.58
TATACONSUM.NS,2021-05-17,2021-06-07,target,650.1497,691.8069,1,40.99
DABUR.NS,2021-06-07,2021-06-14,target,545.5451,566.6617,1,20.56
CHOLAFIN.NS,2021-06-15,2021-06-17,stop,571.7714,551.1485,1,-21.18
INDUSTOWER.NS,2021-06-08,2021-06-17,stop,255.8557,247.4524,1,-8.65
SHRIRAMFIN.NS,2021-06-03,2021-06-18,stop,287.5774,277.7221,4,-40.55
HDFCBANK.NS,2021-06-18,2021-06-21,stop,740.1146,729.2702,2,-23.16
TCS.NS,2021-05-27,2021-06-25,target,3168.1658,3390.0569,10,2186.12
APOLLOHOSP.NS,2021-06-25,2021-06-29,target,3306.2537,3569.2232,10,2595.32
POWERGRID.NS,2021-06-29,2021-07-02,stop,131.1655,128.1780,272,-847.86
NMDC.NS,2021-06-21,2021-07-06,stop,46.5494,43.8675,8,-21.82
TATASTEEL.NS,2021-06-25,2021-07-07,target,113.5567,120.1517,7,45.35
ONGC.NS,2021-07-02,2021-07-08,stop,120.0600,117.1827,4,-11.98
RELIANCE.NS,2021-07-02,2021-07-08,stop,980.5824,964.0544,35,-612.51
POWERGRID.NS,2021-07-07,2021-07-12,stop,130.0112,128.3185,7,-12.75
SHRIRAMFIN.NS,2021-07-12,2021-07-14,stop,292.9264,283.3165,1,-9.90
ONGC.NS,2021-07-14,2021-07-15,stop,120.9208,118.4814,2,-5.12
DLF.NS,2021-07-06,2021-07-16,target,294.8474,330.4952,1,35.34
HAVELLS.NS,2021-07-12,2021-07-19,target,1036.9362,1094.9433,1,56.94
SHRIRAMFIN.NS,2021-07-16,2021-07-19,stop,293.2931,282.9668,1,-10.61
MOTHERSON.NS,2021-07-15,2021-07-20,stop,67.1145,65.6429,5,-7.69
HDFCBANK.NS,2021-06-21,2021-07-20,stop,745.7452,720.6395,2,-51.68
HDFCLIFE.NS,2021-07-08,2021-07-20,stop,687.6872,674.3252,49,-688.11
GRASIM.NS,2021-05-28,2021-07-22,target,1431.9927,1587.8888,2,308.77
SUNPHARMA.NS,2021-04-12,2021-07-30,target,642.6422,757.8820,1,114.54
ICICIBANK.NS,2021-07-22,2021-08-04,target,657.5571,698.8833,5,203.24
BANKBARODA.NS,2021-08-09,2021-08-10,stop,85.2926,81.9590,3,-10.25
SAIL.NS,2021-07-27,2021-08-10,stop,131.0655,126.4235,2,-9.54
SBIN.NS,2021-07-30,2021-08-10,stop,444.0437,425.0746,1,-19.40
NESTLEIND.NS,2021-07-20,2021-08-18,target,893.1425,946.9445,40,2115.28
AXISBANK.NS,2021-08-10,2021-08-20,stop,758.1576,739.0104,1,-19.90
BRITANNIA.NS,2021-08-04,2021-08-20,target,3582.5799,3759.3514,1,173.10
TATACOMM.NS,2021-08-20,2021-08-23,stop,1441.2902,1366.6323,3,-228.19
HINDUNILVR.NS,2021-08-18,2021-08-26,target,2489.9380,2693.3534,15,3012.36
POWERGRID.NS,2021-08-12,2021-08-26,stop,132.8828,130.4070,1,-2.61
BEL.NS,2021-08-26,2021-09-03,target,60.2435,64.1817,676,2620.17
COLPAL.NS,2021-09-03,2021-09-06,stop,1747.7965,1703.2954,22,-1016.99
POWERGRID.NS,2021-09-03,2021-09-06,stop,132.2071,130.5194,37,-67.31
SBIN.NS,2021-09-08,2021-09-16,target,434.7344,457.1477,36,790.83
HDFCBANK.NS,2021-08-23,2021-10-11,target,765.3075,821.5616,6,332.76
JUBLFOOD.NS,2021-10-11,2021-10-12,target,808.4078,855.1801,6,275.64
POWERGRID.NS,2021-09-16,2021-10-13,target,134.3843,148.4871,122,1703.29
GRASIM.NS,2021-09-08,2021-10-14,target,1562.3551,1757.7997,17,3294.34
TECHM.NS,2021-10-14,2021-10-19,target,1448.4474,1551.7119,20,2035.29
HCLTECH.NS,2021-10-20,2021-10-21,stop,1254.2533,1223.7753,10,-317.17
SHRIRAMFIN.NS,2021-10-14,2021-10-22,target,275.8278,310.0127,1,33.89
AXISBANK.NS,2021-10-12,2021-10-25,target,793.7932,844.7249,6,300.67
ICICIBANK.NS,2021-10-14,2021-10-25,target,720.1196,799.6000,1,78.72
SBICARD.NS,2021-10-22,2021-10-29,stop,1118.1173,1081.9673,11,-409.75
SUNPHARMA.NS,2021-10-26,2021-10-29,stop,822.0715,794.7546,8,-225.00
WIPRO.NS,2021-10-13,2021-10-29,stop,334.1089,322.1776,55,-674.27
LODHA.NS,2021-11-01,2021-11-16,target,554.3289,658.3346,33,3412.18
INDUSTOWER.NS,2021-11-16,2021-11-17,stop,297.1970,290.2595,73,-527.88
GAIL.NS,2021-09-22,2021-11-17,stop,101.4347,96.5700,1,-4.96
PIDILITIND.NS,2021-11-17,2021-11-18,stop,1228.0272,1199.2998,17,-509.00
IDFCFIRSTB.NS,2021-11-01,2021-11-22,stop,50.6006,47.8521,350,-979.19
INDUSTOWER.NS,2021-11-22,2021-11-23,stop,298.5483,289.7101,56,-511.41
HINDPETRO.NS,2021-11-24,2021-11-26,stop,213.8470,208.9908,6,-30.41
BIOCON.NS,2021-11-26,2021-11-29,stop,372.3721,351.0487,3,-65.06
BAJAJHLDNG.NS,2021-11-23,2021-12-09,target,4972.4189,5552.8336,3,1725.46
BEL.NS,2021-12-07,2021-12-09,stop,70.4704,68.6656,1,-1.87
BEL.NS,2021-12-14,2021-12-16,stop,70.5372,68.6646,1,-1.94
HINDZINC.NS,2021-12-01,2021-12-16,stop,334.3341,323.6761,3,-32.96
NESTLEIND.NS,2021-12-16,2021-12-17,stop,966.1204,951.5477,1,-15.53
TATAPOWER.NS,2021-12-02,2021-12-17,stop,230.5652,214.7851,1,-16.00
LT.NS,2021-12-09,2021-12-20,stop,1846.6453,1794.7539,9,-483.41
TECHM.NS,2021-10-19,2021-12-24,target,1498.7490,1726.2419,12,2710.56
NESTLEIND.NS,2021-12-22,2021-12-27,stop,966.7335,955.3140,18,-222.85
LT.NS,2021-12-28,2022-01-13,target,1877.5261,1986.5815,20,2142.47
HINDZINC.NS,2022-01-13,2022-01-18,stop,332.0818,326.6731,119,-682.84
BEL.NS,2022-01-04,2022-01-19,stop,71.0377,68.8977,4,-8.84
POWERGRID.NS,2021-11-18,2022-01-21,target,145.4954,163.6906,142,2561.77
SIEMENS.NS,2022-01-20,2022-01-21,stop,1403.1569,1353.7629,20,-1015.45
EICHERMOT.NS,2022-01-28,2022-02-07,stop,2711.6596,2591.0569,8,-986.03
ADANIPOWER.NS,2022-01-28,2022-02-10,target,21.4114,24.3669,2,5.87
YESBANK.NS,2022-02-08,2022-02-14,stop,14.1642,13.6863,1463,-719.47
POWERGRID.NS,2022-01-21,2022-02-14,stop,161.6740,153.8960,129,-1023.72
ADANIENT.NS,2022-02-16,2022-02-17,stop,1776.6754,1741.6071,1,-36.83
CIPLA.NS,2022-02-17,2022-02-18,stop,941.1905,919.1801,1,-22.94
SBIN.NS,2022-02-16,2022-02-22,stop,527.3770,496.6030,1,-31.29
HDFCBANK.NS,2022-02-21,2022-02-22,stop,759.2587,744.4799,2,-31.06
TATASTEEL.NS,2022-02-16,2022-02-22,stop,121.5607,115.0399,2,-13.28
AUBANK.NS,2022-02-23,2022-02-24,stop,637.3185,612.4870,3,-76.37
COALINDIA.NS,2022-01-28,2022-02-24,stop,161.7616,153.9230,117,-935.59
EICHERMOT.NS,2022-02-15,2022-02-24,stop,2666.6647,2612.9352,14,-789.17
MARICO.NS,2022-02-28,2022-03-07,stop,511.5111,489.7550,75,-1669.26
BEL.NS,2022-03-09,2022-03-15,stop,72.8728,68.7812,1,-4.16
ONGC.NS,2022-03-07,2022-03-15,stop,171.9718,162.7371,109,-1024.83
VBL.NS,2022-03-17,2022-03-21,stop,127.3970,123.5564,1,-3.97
BEL.NS,2022-03-17,2022-03-22,stop,70.1017,68.7978,1,-1.37
ITC.NS,2022-03-08,2022-03-23,target,218.8004,242.5775,82,1930.80
HAL.NS,2022-03-16,2022-04-04,target,703.7032,773.5534,25,1727.79
BANKBARODA.NS,2022-03-23,2022-04-07,target,107.5575,121.6370,185,2583.52
VEDL.NS,2022-02-28,2022-04-07,target,365.9156,436.9335,48,3389.59
HINDALCO.NS,2022-04-04,2022-04-12,stop,577.5771,560.8887,33,-569.50
VBL.NS,2022-03-22,2022-04-18,target,127.3272,143.1927,1,15.73
DABUR.NS,2022-04-07,2022-04-19,stop,553.5531,545.7538,79,-659.57
COALINDIA.NS,2022-03-02,2022-04-20,target,171.0855,203.4116,5,160.69
CIPLA.NS,2022-04-21,2022-04-22,stop,1016.5580,989.0602,1,-28.50
APOLLOHOSP.NS,2022-04-19,2022-04-25,stop,4768.7652,4624.3722,7,-1043.63
GODREJPROP.NS,2022-04-19,2022-04-25,stop,1618.6089,1548.7501,6,-428.65
ONGC.NS,2022-04-13,2022-04-25,stop,172.9228,169.3805,107,-397.34
BAJAJHLDNG.NS,2022-04-25,2022-04-29,stop,5419.7658,5211.6346,4,-853.79
BAJAJ-AUTO.NS,2022-04-26,2022-05-04,stop,3728.4757,3596.4009,2,-271.47
BANKBARODA.NS,2022-04-26,2022-05-04,stop,112.9565,108.9410,5,-20.63
VEDL.NS,2022-05-04,2022-05-06,stop,412.2060,364.8175,69,-3296.61
CHOLAFIN.NS,2022-04-26,2022-05-06,stop,722.2217,695.7519,43,-1168.69
GAIL.NS,2022-05-05,2022-05-09,stop,106.8401,103.8960,1,-3.05
ICICIPRULI.NS,2022-05-11,2022-05-12,stop,513.4631,499.5001,72,-1041.80
HAL.NS,2022-05-12,2022-05-13,stop,786.6110,758.3161,35,-1017.36
BEL.NS,2022-05-18,2022-05-19,stop,78.2057,75.3080,1,-2.97
HAVELLS.NS,2022-05-17,2022-05-19,stop,1257.5567,1204.7943,11,-593.93
NTPC.NS,2022-05-18,2022-05-19,stop,150.9008,146.1537,1,-4.90
BEL.NS,2022-05-23,2022-05-24,stop,79.5295,73.2967,5,-31.55
COLPAL.NS,2022-05-23,2022-05-24,stop,1615.8146,1565.5833,1,-51.82
RELIANCE.NS,2022-05-25,2022-05-26,stop,1218.6543,1197.6396,1,-22.22
HDFCLIFE.NS,2022-05-25,2022-05-27,target,557.9789,594.1336,1,35.58
GODREJCP.NS,2022-05-30,2022-05-31,stop,788.3940,772.2272,1,-16.95
BAJAJ-AUTO.NS,2022-05-20,2022-06-02,stop,3781.7789,3676.3709,1,-109.14
SHRIRAMFIN.NS,2022-06-08,2022-06-10,stop,239.1790,230.6692,1,-8.74
NTPC.NS,2022-05-31,2022-06-13,stop,155.2551,150.4494,5,-24.79
ADANIENT.NS,2022-06-03,2022-06-13,stop,2236.1175,2148.2500,1,-90.06
KOTAKBANK.NS,2022-05-17,2022-06-13,stop,365.3651,348.4257,1,-17.30
RELIANCE.NS,2022-06-03,2022-06-13,stop,1266.9888,1214.3753,1,-53.85
SIEMENS.NS,2022-06-13,2022-06-14,stop,1407.5051,1365.1686,3,-131.17
ADANIENT.NS,2022-06-14,2022-06-16,stop,2275.1370,2168.8295,2,-217.06
BEL.NS,2022-06-01,2022-06-17,stop,78.7287,76.4735,1,-2.33
ICICIPRULI.NS,2022-05-26,2022-06-17,stop,524.4241,505.7938,2,-38.29
SHRIRAMFIN.NS,2022-06-16,2022-06-17,stop,233.7536,227.1864,18,-122.36
MARUTI.NS,2022-05-20,2022-06-23,target,7647.7920,8123.3427,1,467.67
MARUTI.NS,2022-06-23,2022-06-27,target,7876.8710,8439.7780,1,554.75
ITC.NS,2022-05-17,2022-07-01,target,251.4277,273.4344,154,3348.62
HINDUNILVR.NS,2022-07-01,2022-07-05,target,2251.2496,2383.3077,18,2335.34
BRITANNIA.NS,2022-06-30,2022-07-06,target,3473.3707,3768.2257,2,582.47
SIEMENS.NS,2022-06-30,2022-07-08,target,1418.4341,1573.1356,1,153.21
ICICIPRULI.NS,2022-07-12,2022-07-14,stop,524.3239,514.8348,66,-660.58
BEL.NS,2022-07-15,2022-07-18,target,79.3960,84.6058,2,10.26
VBL.NS,2022-06-23,2022-07-20,target,151.9518,178.9044,1,26.79
ABB.NS,2022-07-05,2022-07-21,target,2382.1905,2753.7261,8,2951.74
MARICO.NS,2022-07-14,2022-07-22,target,504.4040,529.7885,67,1666.11
ADANIPOWER.NS,2022-07-18,2022-07-27,target,57.9089,61.0782,3,9.33
HDFCBANK.NS,2022-07-22,2022-07-29,target,686.2357,718.6405,51,1616.82
NYKAA.NS,2022-07-28,2022-07-29,stop,240.8824,234.9482,1,-6.17
ASHOKLEY.NS,2022-06-21,2022-08-01,target,68.1681,77.8662,77,741.13
ICICIPRULI.NS,2022-07-21,2022-08-05,target,528.0777,575.7240,42,1977.97
AMBUJACEM.NS,2022-07-22,2022-08-16,target,371.7214,390.4812,1,18.38
ICICIGI.NS,2022-08-10,2022-08-17,target,1219.2183,1340.7920,28,3368.22
MOTHERSON.NS,2022-08-17,2022-08-23,stop,57.4732,54.6786,361,-1029.08
ASHOKLEY.NS,2022-08-25,2022-08-29,stop,75.1375,72.7136,1,-2.50
ASHOKLEY.NS,2022-08-30,2022-09-01,target,74.7123,80.5914,1,5.80
TATACONSUM.NS,2022-08-17,2022-09-01,target,781.3808,836.8269,24,1311.29
BPCL.NS,2022-09-01,2022-09-02,stop,165.1150,162.9369,2,-4.68
SUNPHARMA.NS,2022-09-01,2022-09-02,stop,896.3957,872.4636,22,-545.96
BPCL.NS,2022-09-02,2022-09-05,stop,166.6665,160.9195,2,-11.82
GAIL.NS,2022-09-07,2022-09-15,stop,93.4467,91.1088,5,-12.15
GAIL.NS,2022-09-15,2022-09-16,stop,92.3423,91.0544,5,-6.90
HEROMOTOCO.NS,2022-08-11,2022-09-16,stop,2791.7453,2730.1677,11,-707.72
RELIANCE.NS,2022-09-06,2022-09-16,stop,1192.5535,1166.8883,16,-429.52
NAUKRI.NS,2022-08-24,2022-09-19,stop,860.8502,816.1832,1,-45.51
SBILIFE.NS,2022-09-20,2022-09-22,stop,1310.5049,1271.1778,19,-771.74
TATASTEEL.NS,2022-09-21,2022-09-22,stop,106.4564,103.8960,3,-8.00
DMART.NS,2022-09-22,2022-09-26,stop,4421.6185,4266.9798,5,-794.91
HINDZINC.NS,2022-09-22,2022-09-26,stop,282.1820,275.8620,8,-52.79
M&M.NS,2022-09-20,2022-09-26,stop,1300.6500,1248.8502,19,-1008.42
TATAPOWER.NS,2022-08-24,2022-09-26,stop,232.3322,221.4284,1,-11.13
HAVELLS.NS,2022-09-27,2022-09-28,stop,1328.4775,1296.7023,32,-1058.81
SBIN.NS,2022-09-27,2022-09-28,stop,549.5491,532.4671,9,-158.61
IDEA.NS,2022-09-28,2022-09-29,stop,9.2593,8.9910,3791,-1051.53
MARICO.NS,2022-09-28,2022-10-04,stop,541.8915,522.2274,20,-403.92
COLPAL.NS,2022-08-23,2022-10-11,stop,1597.5964,1545.5034,12,-643.97
BAJFINANCE.NS,2022-10-11,2022-10-12,stop,734.5340,720.1398,1,-15.12
EICHERMOT.NS,2022-10-11,2022-10-12,stop,3550.9245,3423.3375,5,-655.37
TRENT.NS,2022-09-30,2022-10-17,stop,1410.8598,1368.9301,6,-259.92
NTPC.NS,2022-10-13,2022-10-20,stop,165.7656,161.6882,1,-4.24
KOTAKBANK.NS,2022-10-20,2022-10-25,stop,375.8656,370.6291,1,-5.61
BEL.NS,2022-10-25,2022-10-28,stop,105.4554,104.2457,2,-2.63
INDHOTEL.NS,2022-10-25,2022-11-01,target,317.7088,338.6378,1,20.60
SUNPHARMA.NS,2022-09-29,2022-11-01,target,926.9262,1047.9454,28,3360.89
DRREDDY.NS,2022-10-17,2022-11-02,target,868.8682,924.8475,9,495.74
HINDZINC.NS,2022-11-02,2022-11-07,target,284.9848,293.0386,29,225.18
BRITANNIA.NS,2022-11-07,2022-11-09,target,3932.0151,4137.9300,2,403.76
COALINDIA.NS,2022-10-13,2022-11-09,target,233.2331,259.8640,76,2005.21
APOLLOHOSP.NS,2022-11-09,2022-11-10,stop,4429.4261,4345.0018,6,-532.87
BEL.NS,2022-11-01,2022-11-10,stop,109.0089,105.0948,258,-1037.46
ETERNAL.NS,2022-11-07,2022-11-11,target,63.8819,68.0685,11,45.33
MARUTI.NS,2022-11-15,2022-11-17,stop,9194.5950,8983.5595,1,-220.12
APOLLOHOSP.NS,2022-11-11,2022-11-18,stop,4439.4361,4339.6571,10,-1041.69
GRASIM.NS,2022-11-01,2022-11-18,stop,1724.8720,1680.1314,1,-46.44
APOLLOHOSP.NS,2022-11-23,2022-11-25,target,4484.5410,4845.3211,2,712.23
VBL.NS,2022-11-16,2022-11-30,target,223.2231,245.1437,2,43.37
ITC.NS,2022-11-29,2022-12-01,stop,330.1283,324.7071,2,-11.50
TORNTPHARM.NS,2022-11-28,2022-12-05,stop,1639.5383,1604.4943,6,-220.00
DRREDDY.NS,2022-11-24,2022-12-06,stop,887.7971,874.2251,2,-28.91
INDUSINDBK.NS,2022-12-05,2022-12-07,stop,1186.9360,1165.8833,8,-177.83
BAJAJ-AUTO.NS,2022-12-07,2022-12-08,stop,3703.5008,3633.2325,2,-147.87
BEL.NS,2022-12-06,2022-12-08,stop,107.7076,104.8950,9,-26.27
ETERNAL.NS,2022-11-30,2022-12-08,stop,65.3653,63.7362,8,-13.55
TRENT.NS,2022-12-06,2022-12-08,stop,1482.4814,1447.2516,1,-36.69
ONGC.NS,2022-11-23,2022-12-14,target,136.0359,146.8649,312,3334.50
ITC.NS,2022-12-14,2022-12-15,stop,333.5019,329.3726,1,-4.46
BHARTIARTL.NS,2022-12-14,2022-12-16,stop,841.0703,821.1782,10,-207.23
CHOLAFIN.NS,2022-12-08,2022-12-16,stop,743.5430,726.8726,16,-278.49
NTPC.NS,2022-12-15,2022-12-16,stop,173.8737,169.2806,3,-14.29
TCS.NS,2022-12-14,2022-12-16,stop,3350.4744,3264.5331,11,-981.74
M&M.NS,2022-12-19,2022-12-20,stop,1294.7938,1280.4686,43,-671.35
SIEMENS.NS,2022-12-20,2022-12-21,stop,1742.1649,1681.8314,16,-992.73
GRASIM.NS,2022-12-21,2022-12-22,stop,1764.6537,1735.3562,15,-465.71
SBIN.NS,2022-12-21,2022-12-22,stop,607.1067,596.7015,1,-11.01
HAL.NS,2022-11-16,2022-12-23,stop,1268.2673,1217.3817,1,-52.13
HEROMOTOCO.NS,2022-12-20,2022-12-23,stop,2787.7857,2706.3417,9,-757.72
RELIANCE.NS,2022-12-20,2022-12-23,stop,1202.9477,1182.3710,2,-43.54
NESTLEIND.NS,2022-12-22,2022-12-26,stop,1020.2599,1002.1046,26,-498.33
MOTHERSON.NS,2022-12-26,2023-01-10,target,47.7477,52.1792,536,2348.50
SHRIRAMFIN.NS,2023-01-11,2023-01-12,stop,267.7876,263.4563,1,-4.60
TVSMOTOR.NS,2022-10-04,2023-01-16,stop,1037.1864,983.2660,10,-549.31
CANBK.NS,2023-01-16,2023-01-17,stop,65.1051,63.2567,151,-288.79
BANKBARODA.NS,2023-01-12,2023-01-19,stop,182.4823,176.9729,1,-5.69
INDUSINDBK.NS,2023-01-10,2023-01-19,stop,1224.8239,1186.8623,22,-861.68
JSWSTEEL.NS,2023-01-10,2023-01-23,stop,747.3969,734.4151,1,-13.72
SHREECEM.NS,2023-01-19,2023-01-23,stop,24314.5463,23726.2559,1,-612.31
ULTRACEMCO.NS,2022-12-26,2023-01-23,stop,7099.0938,6853.1417,4,-1011.71
BANKBARODA.NS,2023-01-23,2023-01-24,stop,181.9818,177.6222,234,-1062.22
AXISBANK.NS,2023-01-19,2023-01-24,stop,926.5258,912.3370,2,-30.22
CANBK.NS,2023-01-24,2023-01-25,stop,65.3753,63.8361,1,-1.60
IDFCFIRSTB.NS,2023-01-12,2023-01-25,stop,60.1101,58.1418,1,-2.03
MARICO.NS,2023-01-24,2023-01-25,stop,510.5101,502.1988,103,-908.22
BRITANNIA.NS,2023-01-25,2023-01-30,stop,4413.3602,4318.8781,10,-988.48
HEROMOTOCO.NS,2023-01-17,2023-01-30,stop,2767.7657,2707.2907,1,-63.21
ZYDUSLIFE.NS,2023-01-30,2023-02-07,target,434.3841,479.6988,75,3364.33
ASHOKLEY.NS,2023-02-01,2023-02-22,stop,76.1761,72.7022,11,-39.03
IOC.NS,2023-02-07,2023-02-22,stop,79.6796,78.0219,451,-783.18
GAIL.NS,2022-12-13,2023-02-27,target,93.4934,104.9155,2,22.65
TCS.NS,2023-01-17,2023-02-28,stop,3382.3798,3301.6958,2,-168.05
INDHOTEL.NS,2023-03-02,2023-03-14,stop,317.2170,309.0407,24,-203.74
LT.NS,2023-03-15,2023-03-16,stop,2201.1995,2169.3290,3,-102.17
COALINDIA.NS,2023-03-15,2023-03-16,stop,223.0229,218.4407,3,-14.41
MOTHERSON.NS,2023-02-03,2023-03-16,stop,51.1845,47.5096,1,-3.72
INDHOTEL.NS,2023-03-17,2023-03-20,stop,322.7113,311.8379,2,-22.38
LT.NS,2023-03-17,2023-03-20,stop,2214.6630,2157.8405,3,-177.03
CHOLAFIN.NS,2023-03-20,2023-03-21,stop,766.8162,747.2522,9,-182.89
LT.NS,2023-03-22,2023-03-24,stop,2229.2276,2179.8185,1,-51.61
BAJAJ-AUTO.NS,2023-03-21,2023-03-28,stop,3838.7859,3781.3159,1,-61.28
CUMMINSIND.NS,2023-03-29,2023-04-05,stop,1617.3662,1578.6701,2,-80.59
DRREDDY.NS,2023-03-23,2023-04-10,target,899.6990,951.9439,1,51.32
NTPC.NS,2023-03-29,2023-04-17,stop,173.1730,170.3295,3,-9.05
POWERGRID.NS,2023-02-28,2023-04-17,target,165.5327,179.7003,212,2966.94
GODREJCP.NS,2023-01-31,2023-04-21,target,913.2125,987.3443,22,1609.99
ITC.NS,2023-03-24,2023-04-25,target,368.9245,397.9581,6,171.90
BPCL.NS,2023-04-18,2023-04-28,target,168.1680,178.5527,1,10.21
ETERNAL.NS,2023-04-11,2023-04-28,target,54.6773,62.7812,14,112.63
LT.NS,2023-04-25,2023-05-02,target,2234.9332,2401.8731,1,164.62
ASIANPAINT.NS,2023-04-17,2023-05-03,target,2826.4125,2932.5816,13,1342.77
PIDILITIND.NS,2023-04-10,2023-05-03,target,1175.0993,1230.3919,1,54.09
GAIL.NS,2023-05-03,2023-05-04,stop,108.6586,107.1428,363,-589.40
RELIANCE.NS,2023-04-21,2023-05-05,target,1089.2589,1133.4470,20,861.54
TVSMOTOR.NS,2023-04-05,2023-05-05,target,1098.5477,1189.4050,2,179.43
SBICARD.NS,2023-04-17,2023-05-11,target,761.7112,836.6888,2,148.36
AXISBANK.NS,2023-05-05,2023-05-12,target,868.0174,903.9246,4,140.09
JSWSTEEL.NS,2023-05-15,2023-05-18,stop,709.6091,690.4590,5,-99.25
UNIONBANK.NS,2023-05-16,2023-05-18,stop,71.9719,69.9800,1,-2.06
CANBK.NS,2023-05-11,2023-05-19,stop,60.6006,58.5414,1,-2.12
GRASIM.NS,2023-05-22,2023-05-24,stop,1718.8399,1676.6488,2,-87.78
CANBK.NS,2023-05-23,2023-05-25,stop,60.4202,59.3106,2,-2.34
ULTRACEMCO.NS,2023-05-05,2023-05-30,target,7549.5439,7944.4299,8,3097.11
ONGC.NS,2023-05-02,2023-05-31,stop,159.9598,154.6952,22,-119.28
TATASTEEL.NS,2023-05-30,2023-05-31,stop,109.0045,106.1937,124,-361.87
YESBANK.NS,2023-05-25,2023-05-31,target,15.7157,16.4542,12,8.67
ZYDUSLIFE.NS,2023-05-30,2023-05-31,stop,514.2639,503.7958,97,-1064.78
SHRIRAMFIN.NS,2023-05-24,2023-06-21,target,276.3461,342.9484,12,795.51
TCS.NS,2023-06-22,2023-06-23,stop,3264.6621,3220.7268,1,-47.18
UNIONBANK.NS,2023-05-31,2023-06-23,stop,70.8208,69.6303,865,-1090.49
PNB.NS,2023-06-28,2023-07-03,target,51.0510,53.2763,1,2.17
BANKBARODA.NS,2023-05-11,2023-07-04,target,179.4897,201.5295,9,196.64
PNB.NS,2023-07-03,2023-07-04,target,52.0260,56.1268,1,4.05
AMBUJACEM.NS,2023-06-27,2023-07-07,stop,434.3340,418.8808,32,-508.15
GRASIM.NS,2023-07-04,2023-07-10,stop,1793.7677,1727.4955,1,-68.03
SIEMENS.NS,2023-06-27,2023-07-10,stop,2181.7091,2137.5327,23,-1065.73
VEDL.NS,2023-07-10,2023-07-11,stop,283.3331,276.0619,223,-1683.85
TATASTEEL.NS,2023-06-27,2023-07-17,target,110.6553,117.9281,1,7.16
AUBANK.NS,2023-07-11,2023-07-24,stop,769.7692,739.6300,50,-1544.69
INDHOTEL.NS,2023-07-11,2023-07-28,stop,387.8876,378.8105,62,-586.55
POWERGRID.NS,2023-07-24,2023-07-31,target,184.9098,196.4018,12,135.62
BPCL.NS,2023-08-01,2023-08-02,stop,189.4143,185.6392,1,-3.96
INDIGO.NS,2023-07-28,2023-08-03,stop,2570.5686,2503.9441,9,-622.46
INDHOTEL.NS,2023-08-04,2023-08-08,stop,401.1008,390.1096,1,-11.39
HINDZINC.NS,2023-07-31,2023-08-14,stop,322.2720,314.5352,8,-64.44
HINDALCO.NS,2023-08-17,2023-08-18,stop,448.4481,438.5611,5,-51.65
COALINDIA.NS,2023-08-10,2023-08-18,stop,235.9358,228.3858,2,-15.56
ADANIENT.NS,2023-08-18,2023-08-22,target,2489.6878,2667.5157,1,175.25
GRASIM.NS,2023-08-22,2023-08-24,stop,1814.6052,1776.7004,1,-39.70
COALINDIA.NS,2023-08-24,2023-08-25,stop,232.2821,228.8855,8,-29.02
IDEA.NS,2023-08-25,2023-08-28,target,8.0581,8.9523,227,201.06
TATASTEEL.NS,2023-08-22,2023-08-30,target,117.2171,121.8802,7,31.80
BAJFINANCE.NS,2023-08-30,2023-08-31,stop,732.9663,722.8766,1,-10.82
DIVISLAB.NS,2023-08-03,2023-09-01,stop,3701.8500,3573.4739,6,-792.08
CHOLAFIN.NS,2023-09-01,2023-09-04,stop,1130.5797,1112.5865,19,-363.18
HINDALCO.NS,2023-08-21,2023-09-04,target,449.6994,481.4159,1,31.25
CHOLAFIN.NS,2023-09-04,2023-09-05,stop,1135.1343,1105.3471,19,-587.24
HINDZINC.NS,2023-09-04,2023-09-12,stop,322.8226,315.7840,2,-14.72
UNIONBANK.NS,2023-09-05,2023-09-14,target,88.8444,94.5529,238,1336.81
AMBUJACEM.NS,2023-09-12,2023-09-18,stop,454.1269,438.8109,1,-15.76
ABB.NS,2023-07-24,2023-09-22,stop,4321.9686,4195.0020,8,-1049.80
ICICIGI.NS,2023-09-15,2023-09-22,stop,1376.2753,1329.3350,1,-48.29
MARICO.NS,2023-09-25,2023-09-28,stop,576.2759,568.0815,62,-543.52
EICHERMOT.NS,2023-09-15,2023-10-03,stop,3388.3858,3321.7758,6,-419.79
MOTHERSON.NS,2023-08-28,2023-10-04,stop,64.8648,62.8038,31,-65.87
SHRIRAMFIN.NS,2023-10-03,2023-10-04,stop,387.7938,372.7470,51,-786.78
HINDALCO.NS,2023-09-28,2023-10-09,stop,476.2380,465.7839,74,-808.46
INFY.NS,2023-10-04,2023-10-13,stop,1448.2472,1404.2975,14,-635.26
WIPRO.NS,2023-07-17,2023-10-19,stop,203.6017,195.8770,1,-7.92
INDHOTEL.NS,2023-10-06,2023-10-20,stop,419.7097,405.5941,2,-29.06
BEL.NS,2023-09-26,2023-10-20,stop,136.9869,133.4664,3,-10.97
VBL.NS,2023-10-13,2023-10-25,stop,372.3521,363.6561,2,-18.13
JSWENERGY.NS,2023-10-23,2023-10-25,stop,410.2050,379.8600,3,-92.22
INDUSINDBK.NS,2023-10-13,2023-10-26,stop,1446.4454,1408.5904,13,-510.67
ONGC.NS,2023-10-09,2023-10-26,stop,184.1840,180.8190,187,-663.38
VBL.NS,2023-10-30,2023-10-31,stop,371.3110,366.0337,1,-5.65
PFC.NS,2023-10-31,2023-11-09,target,241.2411,272.6122,2,62.23
POWERGRID.NS,2023-10-27,2023-11-13,target,200.2000,213.6366,250,3307.42
YESBANK.NS,2023-06-01,2023-11-13,target,16.5165,19.3549,266,750.25
BHARTIARTL.NS,2023-11-13,2023-11-21,target,938.4690,968.2496,62,1787.29
MARUTI.NS,2023-11-21,2023-11-22,stop,10624.3095,10488.6539,5,-731.06
HINDUNILVR.NS,2023-11-23,2023-11-28,stop,2526.7749,2501.4966,8,-222.34
ADANIPOWER.NS,2023-11-02,2023-11-28,target,74.6146,85.3602,1,10.67
TATACONSUM.NS,2023-10-27,2023-11-30,target,887.8372,942.3253,4,214.29
HINDUNILVR.NS,2023-11-28,2023-12-01,target,2533.0159,2571.7964,7,253.60
BEL.NS,2023-11-13,2023-12-01,target,139.2391,147.8760,2,16.99
GAIL.NS,2023-11-10,2023-12-01,target,125.9258,136.3799,4,41.29
HINDUNILVR.NS,2023-12-01,2023-12-07,stop,2557.0551,2513.6344,7,-321.69
CIPLA.NS,2023-12-08,2023-12-11,stop,1226.2253,1195.8033,15,-474.50
IRFC.NS,2023-12-08,2023-12-12,target,76.7267,84.4078,2,15.20
MANKIND.NS,2023-12-14,2023-12-15,stop,1880.8795,1846.2025,9,-328.86
DABUR.NS,2023-12-19,2023-12-20,stop,543.5932,536.7628,2,-14.74
CIPLA.NS,2023-12-20,2023-12-21,stop,1241.3905,1210.9881,1,-31.63
DRREDDY.NS,2023-12-14,2023-12-21,stop,1123.1223,1104.9642,1,-19.27
HINDUNILVR.NS,2023-12-15,2023-12-28,target,2527.3255,2616.1496,6,517.51
PNB.NS,2023-11-30,2023-12-28,target,79.6796,93.8644,47,662.61
IDEA.NS,2023-12-28,2023-12-29,target,13.5135,14.5962,1492,1594.37
ONGC.NS,2023-11-29,2024-01-05,target,195.5977,216.2840,13,266.24
IDFCFIRSTB.NS,2024-01-05,2024-01-08,stop,87.3437,86.1138,16,-21.07
ICICIPRULI.NS,2024-01-08,2024-01-09,stop,546.0957,534.6150,2,-24.04
JSWENERGY.NS,2024-01-03,2024-01-09,target,415.4151,443.0251,1,27.18
M&M.NS,2024-01-10,2024-01-12,stop,1645.8225,1613.3854,1,-34.07
SBILIFE.NS,2024-01-05,2024-01-16,stop,1438.0369,1413.5854,1,-25.88
SHRIRAMFIN.NS,2023-12-22,2024-01-16,target,409.9897,464.7675,6,326.04
JSWSTEEL.NS,2024-01-16,2024-01-17,stop,831.6310,820.4290,5,-60.14
BAJAJFINSV.NS,2023-11-22,2024-01-17,stop,1622.2711,1580.0188,24,-1052.48
HINDZINC.NS,2024-01-15,2024-01-18,stop,319.4692,310.6891,5,-45.48
IDFCFIRSTB.NS,2024-01-17,2024-01-18,stop,89.6896,85.1574,309,-1427.47
DABUR.NS,2023-12-29,2024-01-23,stop,546.2959,533.8158,39,-507.79
M&M.NS,2024-01-19,2024-01-23,stop,1642.5413,1614.4843,8,-237.48
AXISBANK.NS,2024-01-19,2024-01-24,stop,1116.1153,1034.2826,26,-2155.60
DABUR.NS,2024-01-23,2024-01-24,stop,544.6722,525.4871,38,-749.37
HINDALCO.NS,2024-01-23,2024-01-24,stop,561.5611,549.7250,23,-285.01
TATASTEEL.NS,2024-01-23,2024-01-24,stop,134.8674,130.1349,1,-4.87
GMRAIRPORT.NS,2024-01-25,2024-02-05,target,76.6766,87.3574,8,84.79
DRREDDY.NS,2024-01-24,2024-02-06,target,1151.9511,1233.8818,33,2664.35
ULTRACEMCO.NS,2024-02-07,2024-02-09,stop,10119.0570,9910.3820,4,-874.76
HINDALCO.NS,2024-02-07,2024-02-13,stop,590.6952,538.7305,1,-52.53
ADANIPOWER.NS,2024-02-19,2024-02-21,stop,114.4572,107.2926,1,-7.28
TVSMOTOR.NS,2024-02-12,2024-03-01,target,2048.0465,2194.0661,19,2734.07
TATASTEEL.NS,2024-02-14,2024-03-04,target,138.3883,154.8225,2,32.58
GMRAIRPORT.NS,2024-03-04,2024-03-06,stop,86.3932,84.1658,7,-16.19
TATAPOWER.NS,2024-03-01,2024-03-07,target,375.7378,413.5950,77,2884.62
INDIGO.NS,2024-03-11,2024-03-12,target,3129.8274,3297.4271,1,164.39
RECLTD.NS,2024-03-06,2024-03-13,stop,471.2355,457.3423,1,-14.36
TCS.NS,2024-03-07,2024-03-21,stop,4076.0730,3954.4925,7,-879.17
ADANIGREEN.NS,2024-03-21,2024-03-27,stop,1863.8124,1811.0376,2,-109.22
BPCL.NS,2024-03-27,2024-04-05,stop,302.6513,291.9828,12,-131.59
DRREDDY.NS,2024-04-05,2024-04-08,stop,1257.7468,1230.3487,2,-57.28
NESTLEIND.NS,2024-03-21,2024-04-08,stop,1278.7778,1247.7763,1,-32.26
ONGC.NS,2024-04-09,2024-04-12,stop,272.1720,266.2336,3,-18.62
ADANIGREEN.NS,2024-04-08,2024-04-15,stop,1949.0241,1800.0995,2,-301.60
COALINDIA.NS,2024-04-12,2024-04-15,stop,459.0587,441.6580,1,-17.85
VBL.NS,2024-03-15,2024-04-15,stop,570.5701,541.1384,7,-209.91
ONGC.NS,2024-04-15,2024-04-16,target,273.4733,288.3166,29,422.31
BHARTIARTL.NS,2024-03-01,2024-04-18,target,1139.0882,1278.1190,11,1516.04
ICICIGI.NS,2024-01-24,2024-04-18,target,1503.5024,1741.8691,14,3314.42
HAVELLS.NS,2024-04-18,2024-04-19,stop,1520.5194,1471.5139,14,-707.02
HDFCLIFE.NS,2024-04-18,2024-04-19,stop,618.3090,599.7000,1,-19.22
BHEL.NS,2024-03-22,2024-04-25,target,238.1880,273.5725,1,35.13
CANBK.NS,2024-03-21,2024-04-26,target,112.0560,124.4047,200,2446.09
DLF.NS,2024-04-26,2024-04-29,stop,899.0984,884.6147,27,-415.14
AMBUJACEM.NS,2024-04-22,2024-05-06,stop,616.3080,600.4491,34,-559.89
PNB.NS,2024-04-22,2024-05-07,stop,130.8654,125.1248,2,-11.74
ZYDUSLIFE.NS,2024-05-07,2024-05-09,stop,1029.5145,971.1281,17,-1009.57
ONGC.NS,2024-04-16,2024-05-09,stop,283.2330,266.8330,30,-500.25
ICICIGI.NS,2024-05-08,2024-05-09,stop,1721.6703,1665.0837,1,-58.28
SHRIRAMFIN.NS,2024-04-26,2024-05-09,stop,502.7512,483.9657,1,-19.28
ICICIGI.NS,2024-05-09,2024-05-10,stop,1729.5783,1663.1680,6,-408.64
TATACONSUM.NS,2024-02-13,2024-05-10,stop,1135.5347,1073.9253,1,-62.71
ZYDUSLIFE.NS,2024-05-09,2024-05-10,stop,1008.2575,969.5150,17,-675.43
VBL.NS,2024-04-29,2024-05-13,stop,588.5881,568.6509,41,-841.15
ADANIPOWER.NS,2024-05-09,2024-05-15,target,117.9389,128.4704,5,52.04
ZYDUSLIFE.NS,2024-05-13,2024-05-21,target,991.6956,1120.5394,20,2555.75
MOTHERSON.NS,2024-04-16,2024-05-23,target,80.9476,91.6390,1,10.61
ETERNAL.NS,2024-05-16,2024-05-24,stop,193.5934,182.9669,1,-10.81
CANBK.NS,2024-05-24,2024-05-27,stop,118.7687,116.3835,2,-5.01
ITC.NS,2024-05-22,2024-05-28,stop,421.6968,412.5815,1,-9.53
BOSCHLTD.NS,2024-05-13,2024-05-31,stop,30614.5916,29723.7539,1,-921.01
AMBUJACEM.NS,2024-05-21,2024-06-03,target,622.7723,667.6660,15,663.73
GAIL.NS,2024-05-30,2024-06-03,target,201.5014,216.8915,3,45.54
NHPC.NS,2024-05-14,2024-06-03,target,95.5955,117.9410,3,66.72
BAJAJ-AUTO.NS,2024-06-03,2024-06-04,stop,9184.5900,8893.8495,1,-299.78
CHOLAFIN.NS,2024-06-03,2024-06-04,stop,1270.6350,1213.3857,1,-58.49
HDFCBANK.NS,2024-05-31,2024-06-04,stop,762.5620,748.0764,39,-594.40
MARUTI.NS,2024-05-21,2024-06-04,stop,12678.5695,12309.9806,1,-381.08
TATAPOWER.NS,2024-05-15,2024-06-04,stop,434.0169,412.2374,1,-22.20
TATASTEEL.NS,2024-06-03,2024-06-04,stop,173.3366,163.8360,3,-29.01
IOC.NS,2024-06-04,2024-06-05,stop,177.0885,158.4207,109,-2053.07
TRENT.NS,2024-04-18,2024-06-05,target,4117.4645,4859.2073,4,2949.02
ULTRACEMCO.NS,2024-06-06,2024-06-13,target,10080.0725,11259.0701,2,2336.66
INDUSTOWER.NS,2024-06-07,2024-06-18,stop,345.2950,334.1656,7,-80.28
INDUSTOWER.NS,2024-06-18,2024-06-19,stop,347.1469,328.9355,7,-129.85
BPCL.NS,2024-06-14,2024-06-20,stop,311.3056,306.4433,10,-51.71
BPCL.NS,2024-06-21,2024-06-24,stop,318.1590,306.0937,7,-86.64
ASIANPAINT.NS,2024-06-21,2024-06-25,stop,2927.4252,2869.5282,1,-60.80
NHPC.NS,2024-06-28,2024-07-02,stop,101.3012,99.4105,1,-1.99
RECLTD.NS,2024-06-13,2024-07-08,target,522.3720,613.0110,37,3332.64
BHEL.NS,2024-06-25,2024-07-09,target,298.1479,331.5842,17,563.06
IDEA.NS,2024-07-16,2024-07-22,stop,17.5488,15.7621,16,-28.85
PIDILITIND.NS,2024-07-10,2024-08-05,stop,1564.2817,1533.4654,18,-582.57
DABUR.NS,2024-08-06,2024-08-13,stop,640.6402,613.4361,6,-166.99
WIPRO.NS,2024-08-20,2024-08-23,stop,261.8617,256.5932,1,-5.53
ADANIENSOL.NS,2024-08-13,2024-08-28,stop,1092.5460,1035.0143,3,-175.79
MOTHERSON.NS,2024-08-23,2024-08-29,stop,130.0633,128.4381,3,-5.26
GAIL.NS,2024-07-25,2024-09-09,stop,226.6765,215.9439,1,-10.95
WIPRO.NS,2024-08-28,2024-09-09,stop,262.6625,257.7171,11,-57.26
ADANIGREEN.NS,2024-09-10,2024-09-11,stop,1884.5331,1820.5781,1,-65.81
INDUSTOWER.NS,2024-09-11,2024-09-16,stop,434.0669,421.9777,5,-62.59
DLF.NS,2024-09-16,2024-09-19,stop,869.4345,835.2141,2,-70.15
HDFCLIFE.NS,2024-09-23,2024-10-03,stop,721.7212,696.2017,2,-52.46
IOC.NS,2024-09-30,2024-10-03,stop,180.9308,171.3285,1,-9.78
ITC.NS,2024-10-04,2024-10-07,stop,497.0721,487.9539,3,-28.83
ETERNAL.NS,2024-10-07,2024-10-08,stop,278.6893,263.8360,6,-90.75
CIPLA.NS,2024-06-05,2024-10-09,target,1490.7450,1686.3116,13,2521.72
CIPLA.NS,2024-10-09,2024-10-10,stop,1654.8536,1622.2265,14,-479.72
TECHM.NS,2024-08-06,2024-10-14,target,1485.7346,1690.4907,16,3250.69
HDFCLIFE.NS,2024-10-14,2024-10-15,stop,728.3640,712.5869,1,-16.50
TVSMOTOR.NS,2024-10-10,2024-10-17,stop,2807.4054,2718.2797,8,-735.11
GRASIM.NS,2024-10-17,2024-10-18,stop,2786.7847,2698.6500,7,-636.14
BANKBARODA.NS,2024-10-18,2024-10-22,stop,245.8356,242.4574,2,-7.24
MOTHERSON.NS,2024-10-09,2024-10-22,stop,136.7967,130.1098,2,-13.64
NTPC.NS,2024-09-17,2024-10-23,stop,412.4121,401.5981,1,-11.22
HDFCLIFE.NS,2024-10-18,2024-10-24,stop,733.1826,714.1353,28,-553.59
TRENT.NS,2024-10-24,2024-10-25,stop,7592.5869,7442.5519,2,-315.11
HCLTECH.NS,2024-10-25,2024-10-31,stop,1866.8655,1791.7069,11,-846.87
TECHM.NS,2024-10-14,2024-10-31,stop,1651.6504,1601.3974,16,-830.07
APOLLOHOSP.NS,2024-10-31,2024-11-04,stop,7042.0368,6932.8617,3,-348.49
APOLLOHOSP.NS,2024-11-04,2024-11-05,stop,7093.5450,6916.5400,3,-552.03
WIPRO.NS,2024-11-06,2024-11-07,target,273.8619,282.8585,85,741.05
MANKIND.NS,2024-10-31,2024-11-13,stop,2656.6547,2539.4086,8,-958.75
TECHM.NS,2024-11-11,2024-11-18,stop,1688.1368,1648.4004,1,-41.40
WIPRO.NS,2024-11-07,2024-11-18,stop,283.2080,270.2296,77,-1020.65
SBIN.NS,2024-11-19,2024-11-21,stop,819.4095,798.1008,3,-66.35
MAXHEALTH.NS,2024-11-22,2024-11-25,stop,1002.5518,976.0232,2,-55.04
HDFCBANK.NS,2024-10-15,2024-11-28,target,847.4235,915.5054,1,67.20
MAXHEALTH.NS,2024-11-27,2024-11-28,stop,1013.0123,974.0752,2,-79.86
BANKBARODA.NS,2024-11-28,2024-11-29,stop,250.2501,245.1547,13,-69.46
DIVISLAB.NS,2024-11-19,2024-12-02,target,5819.8653,6266.3794,7,3083.30
BANKBARODA.NS,2024-12-03,2024-12-19,stop,252.2521,245.3545,8,-57.17
BEL.NS,2024-12-20,2024-12-23,stop,300.7505,293.8530,7,-50.36
HDFCBANK.NS,2024-12-24,2024-12-30,stop,903.9032,889.7596,2,-30.08
BEL.NS,2024-12-27,2024-12-30,stop,296.2961,291.9040,1,-4.69
HDFCBANK.NS,2024-12-30,2024-12-31,stop,903.8782,884.7074,1,-20.07
EICHERMOT.NS,2024-06-06,2025-01-02,target,4652.0988,5196.7492,6,3238.36
ETERNAL.NS,2024-12-30,2025-01-03,stop,283.1830,271.7281,4,-46.93
HDFCBANK.NS,2025-01-01,2025-01-03,stop,891.7911,881.9174,1,-10.76
DIVISLAB.NS,2025-01-02,2025-01-06,stop,6144.9905,5874.1215,1,-276.88
INFY.NS,2025-01-02,2025-01-06,target,1894.8434,1965.8300,1,69.06
IRFC.NS,2025-01-03,2025-01-06,stop,153.4767,149.8500,13,-49.12
CIPLA.NS,2025-01-08,2025-01-09,stop,1511.5104,1486.4624,6,-159.28
ULTRACEMCO.NS,2025-01-02,2025-01-09,stop,11532.4242,11293.6978,2,-500.28
HCLTECH.NS,2024-12-02,2025-01-14,stop,1874.1728,1832.1165,24,-1053.83
INFY.NS,2025-01-09,2025-01-17,stop,1940.5391,1850.0745,16,-1477.76
KOTAKBANK.NS,2025-01-16,2025-01-17,stop,359.3591,351.6681,3,-24.14
ICICIBANK.NS,2024-09-10,2025-01-21,stop,1239.5387,1199.2498,1,-41.51
BHARTIARTL.NS,2025-01-14,2025-01-31,stop,1626.6254,1590.2086,27,-1026.68
EICHERMOT.NS,2025-01-21,2025-02-03,target,5043.4899,5572.2125,6,3140.49
TITAN.NS,2025-02-01,2025-02-07,stop,3530.9783,3389.0084,7,-1018.01
BRITANNIA.NS,2025-02-07,2025-02-10,stop,5012.5050,4901.1450,4,-465.27
SBILIFE.NS,2025-02-05,2025-02-11,stop,1483.3823,1432.9160,13,-675.02
DIVISLAB.NS,2025-02-12,2025-02-14,stop,5970.7661,5856.2395,3,-361.32
DABUR.NS,2025-02-13,2025-02-17,stop,527.8775,515.1345,3,-39.79
WIPRO.NS,2025-01-23,2025-02-24,stop,311.2556,299.0507,5,-62.55
BHARTIARTL.NS,2025-02-03,2025-02-28,stop,1646.5953,1593.6052,19,-1037.59
SBILIFE.NS,2025-02-17,2025-02-28,stop,1480.8798,1444.5544,12,-453.46
BAJAJHLDNG.NS,2025-02-12,2025-02-28,stop,11711.7029,11227.3141,2,-991.72
NESTLEIND.NS,2025-02-21,2025-02-28,stop,1109.0292,1092.3069,1,-17.82
KOTAKBANK.NS,2025-03-12,2025-03-21,target,389.1889,417.8172,22,620.95
HDFCLIFE.NS,2025-03-11,2025-03-28,target,633.6332,687.1372,63,3329.15
NESTLEIND.NS,2025-03-28,2025-04-01,stop,1135.1343,1111.5127,38,-940.31
LODHA.NS,2025-04-03,2025-04-04,stop,1224.2233,1162.4867,1,-62.93
CIPLA.NS,2025-04-03,2025-04-04,stop,1490.4894,1460.9380,5,-155.14
TVSMOTOR.NS,2025-04-02,2025-04-07,stop,2461.6598,2244.1274,14,-3078.39
AXISBANK.NS,2025-04-08,2025-04-21,target,1070.0693,1201.3990,26,3385.04
BAJAJFINSV.NS,2025-03-07,2025-04-21,target,1854.8535,2100.3908,13,3166.28
UNITDSPR.NS,2025-04-08,2025-04-24,target,1413.7127,1586.1214,8,1367.27
JSWENERGY.NS,2025-04-21,2025-04-25,stop,522.0216,499.2504,44,-1024.40
INDHOTEL.NS,2025-04-29,2025-04-30,stop,810.3050,780.3191,33,-1015.78
JSWSTEEL.NS,2025-04-21,2025-05-02,stop,1016.1153,991.1081,35,-910.38
INDHOTEL.NS,2025-05-02,2025-05-06,stop,794.0935,779.3201,69,-1073.65
JINDALSTEL.NS,2025-05-05,2025-05-06,stop,908.7080,887.5118,1,-22.09
ONGC.NS,2025-05-06,2025-05-07,stop,241.3912,232.1839,4,-37.78
SHREECEM.NS,2025-05-06,2025-05-07,stop,29654.6324,29020.4825,1,-663.49
ADANIPOWER.NS,2025-05-08,2025-05-09,stop,107.8878,100.9495,4,-28.17
AMBUJACEM.NS,2025-05-08,2025-05-09,stop,538.8885,515.7420,55,-1302.06
DMART.NS,2025-05-06,2025-05-09,stop,4063.9608,3848.0750,6,-1319.05
CHOLAFIN.NS,2025-05-02,2025-05-21,target,1504.8037,1640.3769,3,402.00
DRREDDY.NS,2025-05-09,2025-05-21,target,1165.7649,1242.7994,43,3260.70
DMART.NS,2025-05-22,2025-05-23,stop,4129.6265,4065.9310,5,-338.97
ETERNAL.NS,2025-05-22,2025-05-27,stop,230.5304,223.9559,154,-1047.47
PFC.NS,2025-05-28,2025-05-30,stop,414.9646,406.7929,83,-712.36
MANKIND.NS,2025-05-30,2025-06-02,stop,2502.3005,2439.7584,13,-845.17
BAJAJFINSV.NS,2025-06-02,2025-06-03,stop,2033.7322,2008.8896,15,-402.96
BAJAJFINSV.NS,2025-06-03,2025-06-04,stop,2040.1195,1993.1054,15,-735.46
ETERNAL.NS,2025-05-30,2025-06-05,target,229.5794,248.7537,5,94.68
HINDZINC.NS,2025-05-22,2025-06-05,target,444.9446,483.8170,4,153.63
GMRAIRPORT.NS,2025-05-12,2025-06-13,stop,88.0440,80.3598,19,-147.60
INDUSTOWER.NS,2025-06-05,2025-06-13,stop,387.5873,374.0629,87,-1209.76
IOC.NS,2025-06-05,2025-06-13,stop,141.5414,138.9305,1,-2.75
MAXHEALTH.NS,2025-04-29,2025-06-13,target,1110.5550,1238.2296,7,885.50
APOLLOHOSP.NS,2025-06-16,2025-06-18,stop,7062.0568,6923.0717,6,-875.87
BHARTIARTL.NS,2025-03-21,2025-06-20,target,1711.3601,1937.8332,5,1123.24
HDFCBANK.NS,2025-06-19,2025-06-26,target,969.1184,1005.2779,1,35.17
TATASTEEL.NS,2025-06-16,2025-06-27,target,152.6525,162.4740,3,28.99
HINDALCO.NS,2025-06-20,2025-07-03,target,651.7012,705.9497,16,857.11
GAIL.NS,2025-07-03,2025-07-09,stop,192.1820,187.9619,7,-30.87
VEDL.NS,2025-06-27,2025-07-09,stop,459.6797,440.7090,1,-19.42
HAL.NS,2025-07-03,2025-07-11,stop,4959.9562,4872.1242,2,-185.50
BAJFINANCE.NS,2025-07-09,2025-07-14,stop,941.6409,918.0812,1,-24.49
SBIN.NS,2025-05-23,2025-07-17,target,791.7912,837.9808,26,1179.74
CANBK.NS,2025-07-15,2025-07-21,stop,115.4153,111.7881,1,-3.74
M&M.NS,2025-06-18,2025-07-22,target,3048.0458,3254.6020,13,2644.26
MOTHERSON.NS,2025-06-24,2025-07-22,stop,100.9008,97.4158,2,-7.17
TVSMOTOR.NS,2025-07-17,2025-07-22,stop,2904.6024,2796.2017,7,-778.76
ADANIPORTS.NS,2025-07-22,2025-07-23,stop,1455.2272,1428.5704,11,-309.09
LODHA.NS,2025-07-22,2025-07-23,stop,1462.2307,1399.3000,31,-1995.21
VEDL.NS,2025-07-23,2025-07-24,stop,456.9566,448.2015,1,-9.21
PNB.NS,2025-07-24,2025-07-25,stop,110.3952,108.0718,2,-4.87
BAJAJHLDNG.NS,2025-07-23,2025-07-25,stop,14179.0860,13749.2404,2,-887.62
ADANIGREEN.NS,2025-06-27,2025-07-25,stop,1002.9022,973.0262,1,-30.86
BAJAJFINSV.NS,2025-07-23,2025-07-25,stop,2058.0565,1998.0005,15,-931.26
INDUSTOWER.NS,2025-07-14,2025-07-25,stop,406.2059,394.2055,1,-12.40
VEDL.NS,2025-07-24,2025-07-25,stop,457.5572,449.7750,1,-8.24
KOTAKBANK.NS,2025-04-11,2025-07-28,stop,417.1368,399.7599,1,-17.79
PFC.NS,2025-07-09,2025-07-28,stop,421.3711,410.6390,2,-22.30
PNB.NS,2025-07-25,2025-07-28,stop,111.1611,108.1418,2,-6.26
WIPRO.NS,2025-07-17,2025-07-28,stop,264.2641,253.8730,5,-53.25
BPCL.NS,2025-07-30,2025-07-31,stop,338.6884,329.8350,2,-18.38
MOTHERSON.NS,2025-07-30,2025-07-31,stop,102.7927,96.8416,1,-6.05
SBILIFE.NS,2025-07-28,2025-08-01,stop,1848.8475,1809.0896,4,-166.35
ZYDUSLIFE.NS,2025-07-25,2025-08-01,stop,977.5768,959.1901,55,-1064.53
ADANIPOWER.NS,2025-08-01,2025-08-04,stop,118.4984,113.3433,322,-1697.27
SWIGGY.NS,2025-08-07,2025-08-08,stop,399.3991,385.1645,1,-14.63
MUTHOOTFIN.NS,2025-08-04,2025-08-11,stop,2642.5405,2592.4056,15,-791.28
SWIGGY.NS,2025-08-08,2025-08-11,stop,403.1014,384.8075,1,-18.69
HINDALCO.NS,2025-07-14,2025-08-12,stop,676.7262,657.6710,15,-295.84
AMBUJACEM.NS,2025-08-12,2025-08-13,stop,591.9458,579.4701,1,-13.06
MAXHEALTH.NS,2025-08-05,2025-08-14,stop,1272.0712,1234.3647,1,-38.96
TATASTEEL.NS,2025-08-12,2025-08-14,stop,160.1600,156.9929,2,-6.65
HYUNDAI.NS,2025-08-01,2025-08-19,target,2162.1605,2551.1217,8,3092.84
BANKBARODA.NS,2025-08-20,2025-08-22,stop,247.5474,241.3884,10,-64.03
GMRAIRPORT.NS,2025-08-18,2025-08-25,stop,91.0655,88.6513,6,-15.02
SBILIFE.NS,2025-08-12,2025-08-26,stop,1854.5531,1824.0746,1,-32.32
ZYDUSLIFE.NS,2025-08-22,2025-08-28,stop,998.5978,977.4219,1,-22.16
M&M.NS,2025-08-12,2025-09-04,target,3232.8305,3525.2365,3,867.08
HDFCLIFE.NS,2025-08-14,2025-09-04,stop,784.4839,762.8366,2,-44.84
ULTRACEMCO.NS,2025-08-11,2025-09-04,target,12321.3121,12995.4130,3,1984.33
M&M.NS,2025-09-04,2025-09-05,target,3528.7635,3518.1579,2,-28.26
MANKIND.NS,2025-09-04,2025-09-08,stop,2611.4051,2527.1709,12,-1041.64
TORNTPHARM.NS,2025-09-09,2025-09-15,stop,3642.6399,3555.2421,3,-272.99
ADANIPOWER.NS,2025-09-01,2025-09-19,target,121.7216,135.1324,29,385.19
TITAN.NS,2025-08-19,2025-09-19,stop,3578.3757,3490.0074,5,-459.51
GODREJCP.NS,2025-08-22,2025-09-23,stop,1254.2533,1219.0801,1,-36.41
GRASIM.NS,2025-09-16,2025-09-25,stop,2822.6206,2782.2157,4,-172.83
HDFCLIFE.NS,2025-09-19,2025-09-25,stop,790.4399,765.4340,27,-696.16
BHARTIARTL.NS,2025-09-25,2025-09-26,stop,1939.2378,1916.8817,17,-412.83
BAJAJFINSV.NS,2025-09-30,2025-10-01,stop,2033.0315,1992.9056,16,-674.22
COALINDIA.NS,2025-10-01,2025-10-03,stop,391.7915,386.7130,2,-10.94
GAIL.NS,2025-10-14,2025-10-15,stop,180.8807,175.9920,1,-5.07
ETERNAL.NS,2025-10-03,2025-10-16,target,330.5803,364.4472,2,67.04
JSWSTEEL.NS,2025-09-08,2025-10-29,target,1080.9802,1223.1880,24,3385.34
INFY.NS,2025-10-29,2025-10-30,stop,1508.0069,1489.0099,19,-389.41
NTPC.NS,2025-10-16,2025-10-31,stop,342.0918,336.4133,2,-12.04
ABB.NS,2025-10-30,2025-11-06,stop,5305.3013,5170.3258,5,-701.07
M&M.NS,2025-10-01,2025-11-07,target,3457.4549,3679.0187,9,1961.96
APOLLOHOSP.NS,2025-11-07,2025-11-10,stop,7858.3525,7627.6843,4,-953.64
BEL.NS,2025-11-10,2025-11-24,stop,416.4161,404.8948,74,-882.97
INDIGO.NS,2025-11-24,2025-11-25,stop,5955.9765,5749.2464,4,-850.33
GAIL.NS,2025-10-16,2025-11-28,stop,178.6685,172.1339,1,-6.71
CHOLAFIN.NS,2025-11-26,2025-12-03,stop,1710.7094,1668.5302,17,-745.77
BPCL.NS,2025-12-04,2025-12-05,stop,361.5112,353.8958,1,-7.97
IOC.NS,2025-12-04,2025-12-09,stop,164.7246,160.8390,2,-8.10
GMRAIRPORT.NS,2025-12-12,2025-12-15,target,98.9495,104.9842,1,5.93
BANKBARODA.NS,2025-12-10,2025-12-16,stop,290.6404,281.0687,2,-19.72
HDFCBANK.NS,2025-12-03,2025-12-17,stop,995.3947,984.0152,28,-346.34
IOC.NS,2025-12-16,2025-12-18,stop,169.5947,161.9190,3,-23.52
COALINDIA.NS,2025-12-18,2025-12-24,target,385.8856,403.5981,1,17.32
HINDALCO.NS,2025-11-07,2025-12-29,target,795.7952,885.5570,38,3379.00
BANKBARODA.NS,2025-12-17,2026-01-02,target,287.0368,302.9629,96,1500.58
GMRAIRPORT.NS,2025-12-19,2026-01-05,target,101.1511,107.6622,2,12.81
IOC.NS,2026-01-05,2026-01-06,stop,167.5174,164.6176,1,-3.07
BPCL.NS,2025-12-29,2026-01-08,stop,368.5683,361.3384,92,-698.73
PNB.NS,2026-01-02,2026-01-12,stop,125.4754,121.4185,16,-66.89
PIDILITIND.NS,2026-01-13,2026-01-16,stop,1509.7545,1475.9230,1,-35.32
IRFC.NS,2026-01-13,2026-01-20,stop,123.2131,119.1308,8,-33.63
PERSISTENT.NS,2026-01-08,2026-01-21,stop,6549.0441,6199.7956,2,-711.25
AXISBANK.NS,2026-01-16,2026-01-23,stop,1309.3083,1252.2468,1,-58.34
VBL.NS,2026-01-23,2026-01-27,stop,489.9896,472.6635,30,-534.22
NESTLEIND.NS,2026-01-27,2026-01-29,stop,1313.3123,1271.0281,10,-435.76
TORNTPHARM.NS,2026-01-02,2026-01-30,stop,3866.8640,3741.3559,7,-905.18
LUPIN.NS,2026-01-30,2026-02-02,stop,2164.7632,2118.8795,3,-144.08
BANKBARODA.NS,2026-01-28,2026-02-02,stop,303.9037,278.8605,3,-76.00
PNB.NS,2026-01-29,2026-02-02,stop,124.8624,120.9395,103,-416.72
HCLTECH.NS,2026-01-08,2026-02-04,stop,1656.1549,1615.0837,12,-512.48
HINDZINC.NS,2026-02-04,2026-02-05,stop,640.0396,599.7000,26,-1064.95
HINDZINC.NS,2026-02-10,2026-02-13,stop,632.3160,599.6500,2,-66.56
GODREJCP.NS,2026-02-16,2026-02-19,stop,1215.5147,1196.1030,1,-20.62
IDEA.NS,2026-02-18,2026-02-19,stop,11.5115,11.1988,1,-0.32
JINDALSTEL.NS,2025-09-04,2026-02-24,target,1031.0303,1232.9035,12,2408.90
ADANIPOWER.NS,2026-02-25,2026-02-26,stop,144.8648,140.9295,1,-4.08
GRASIM.NS,2026-02-05,2026-02-27,stop,2866.6646,2806.0917,6,-380.46
NESTLEIND.NS,2026-02-24,2026-02-27,stop,1319.8188,1294.2048,12,-323.05
LUPIN.NS,2026-02-03,2026-03-05,target,2226.1125,2342.3666,9,1025.73
SHRIRAMFIN.NS,2026-03-06,2026-03-09,stop,1047.4467,957.0213,20,-1828.55
BAJAJ-AUTO.NS,2026-01-30,2026-03-12,stop,9543.0359,9240.7523,2,-623.35
COALINDIA.NS,2026-03-04,2026-03-12,target,434.8345,467.2131,74,2362.64
DMART.NS,2026-03-09,2026-03-16,stop,3907.8048,3821.1760,5,-452.47
SIEMENS.NS,2026-03-18,2026-03-19,stop,3186.4841,3117.8798,5,-358.78
BSE.NS,2026-03-16,2026-03-23,stop,2880.7785,2768.6150,9,-1034.89
PFC.NS,2026-03-17,2026-03-23,stop,410.4101,396.1535,71,-1040.85
APOLLOHOSP.NS,2026-03-27,2026-03-30,stop,7620.1144,7430.0644,2,-395.15
ONGC.NS,2026-03-27,2026-04-01,target,271.7716,290.2819,181,3299.50
POWERGRID.NS,2026-03-30,2026-04-02,stop,297.5974,290.0098,67,-528.05
COALINDIA.NS,2026-04-06,2026-04-10,stop,453.7534,440.0596,45,-636.33
CUMMINSIND.NS,2026-04-06,2026-04-10,target,4682.5403,5127.0957,7,3077.55
ABB.NS,2026-04-06,2026-04-17,target,6164.1595,7023.9456,3,2559.58
MOTHERSON.NS,2026-04-16,2026-04-17,stop,124.7623,121.1787,1,-3.71
LUPIN.NS,2026-04-20,2026-04-22,stop,2337.3356,2297.7006,2,-83.91
SHRIRAMFIN.NS,2026-04-20,2026-04-23,stop,1040.5398,1012.1371,1,-29.43
COALINDIA.NS,2026-04-22,2026-04-24,target,445.7454,458.7457,10,125.48
COALINDIA.NS,2026-04-24,2026-04-29,target,452.9764,484.0234,12,366.94
LUPIN.NS,2026-05-05,2026-05-11,stop,2364.2624,2301.7966,2,-129.60
SOLARINDS.NS,2026-04-10,2026-05-14,target,14139.1285,16356.2258,1,2201.85
IRFC.NS,2026-05-14,2026-05-15,stop,102.3411,99.4005,159,-483.60
POWERGRID.NS,2026-04-10,2026-05-18,stop,301.2506,293.5562,132,-1054.91
TATASTEEL.NS,2026-05-19,2026-05-20,stop,212.0319,204.8450,141,-1042.74
